STATE,ST_CASE,VEH_NO,PER_NO,MPR_ACT
1,10009,0,1,2
1,10009,0,2,2
1,10012,0,1,3
1,10014,0,1,14
1,10017,0,1,3
1,10041,0,1,3
1,10043,0,1,3
1,10045,0,1,9
1,10047,0,1,3
1,10051,0,1,8
1,10078,0,1,3
1,10091,0,1,3
1,10096,0,1,5
1,10097,0,1,9
1,10101,0,1,3
1,10121,0,1,5
1,10142,0,1,3
1,10143,0,1,3
1,10170,0,1,3
1,10171,0,1,3
1,10171,0,2,3
1,10184,0,1,5
1,10197,0,1,5
1,10214,0,1,6
1,10214,0,1,12
1,10218,0,1,3
1,10228,0,1,3
1,10238,0,1,5
1,10239,0,1,6
1,10242,0,1,3
1,10264,0,1,5
1,10268,0,1,3
1,10269,0,1,3
1,10282,0,1,3
1,10301,0,1,3
1,10331,0,1,5
1,10346,0,1,3
1,10359,0,1,3
1,10359,0,1,12
1,10366,0,1,12
1,10382,0,1,3
1,10391,0,1,5
1,10399,0,1,5
1,10405,0,1,12
1,10405,0,1,14
1,10426,0,1,3
1,10428,0,1,3
1,10428,0,2,3
1,10440,0,1,12
1,10442,0,1,3
1,10455,0,1,6
1,10457,0,1,99
1,10466,0,1,8
1,10472,0,1,3
1,10484,0,1,3
1,10488,0,1,5
1,10512,0,1,8
1,10520,0,1,3
1,10524,0,1,3
1,10534,0,1,8
1,10573,0,1,3
1,10574,0,1,3
1,10582,0,1,3
1,10588,0,1,5
1,10599,0,1,3
1,10600,0,1,8
1,10614,0,1,3
1,10625,0,1,3
1,10630,0,1,12
1,10632,0,1,15
1,10632,0,2,15
1,10658,0,1,3
1,10660,0,1,3
1,10709,0,1,8
1,10716,0,1,3
1,10717,0,1,3
1,10721,0,1,3
1,10721,0,1,12
1,10724,0,1,3
1,10724,0,2,3
1,10725,0,1,8
1,10725,0,1,12
1,10725,0,2,8
1,10725,0,2,12
1,10726,0,1,3
1,10731,0,1,6
1,10732,0,1,3
1,10742,0,1,7
1,10746,0,1,3
1,10748,0,1,15
1,10750,0,1,99
1,10766,0,1,14
1,10773,0,1,8
1,10779,0,1,5
1,10785,0,1,8
1,10785,0,1,12
1,10788,0,1,8
1,10806,0,1,8
2,20008,0,1,5
2,20013,0,1,6
2,20017,0,1,6
2,20021,0,1,9
2,20027,0,1,5
2,20027,0,2,5
2,20028,0,1,2
2,20029,0,1,3
2,20037,0,1,9
2,20047,0,1,1
2,20047,0,1,9
2,20052,0,1,3
2,20053,0,1,8
4,40001,0,1,3
4,40003,0,1,5
4,40009,0,1,3
4,40013,0,1,8
4,40027,0,1,3
4,40034,0,1,8
4,40035,0,1,14
4,40036,0,1,99
4,40037,0,1,3
4,40038,0,1,6
4,40039,0,1,3
4,40039,0,1,4
4,40040,0,1,99
4,40041,0,1,14
4,40042,0,1,8
4,40047,0,1,4
4,40047,0,1,3
4,40059,0,1,3
4,40063,0,1,3
4,40065,0,1,3
4,40069,0,1,99
4,40072,0,1,3
4,40083,0,1,3
4,40090,0,1,8
4,40090,0,1,12
4,40090,0,2,3
4,40090,0,2,12
4,40094,0,1,3
4,40094,0,1,4
4,40096,0,1,2
4,40104,0,1,3
4,40105,0,1,5
4,40108,0,1,3
4,40112,0,1,5
4,40117,0,1,3
4,40120,0,1,3
4,40120,0,2,3
4,40122,0,1,3
4,40123,0,1,3
4,40129,0,1,99
4,40131,0,1,3
4,40133,0,1,3
4,40136,0,1,3
4,40139,0,1,3
4,40147,0,1,3
4,40147,0,1,4
4,40148,0,1,3
4,40150,0,1,3
4,40164,0,1,3
4,40165,0,1,3
4,40171,0,1,3
4,40189,0,1,3
4,40190,0,1,3
4,40199,0,1,3
4,40204,0,1,5
4,40210,0,1,8
4,40210,0,2,8
4,40212,0,1,5
4,40214,0,1,5
4,40214,0,1,7
4,40214,0,2,5
4,40214,0,2,7
4,40229,0,1,3
4,40236,0,1,3
4,40239,0,1,14
4,40245,0,1,3
4,40246,0,1,3
4,40246,0,1,4
4,40249,0,1,6
4,40260,0,1,5
4,40265,0,1,3
4,40265,0,1,12
4,40267,0,1,5
4,40268,0,1,3
4,40269,0,1,5
4,40281,0,1,3
4,40295,0,1,3
4,40300,0,1,3
4,40320,0,1,3
4,40331,0,1,11
4,40334,0,1,3
4,40342,0,1,99
4,40344,0,1,3
4,40379,0,1,3
4,40379,0,1,4
4,40380,0,1,99
4,40381,0,1,3
4,40381,0,2,3
4,40383,0,1,7
4,40384,0,1,3
4,40389,0,1,99
4,40390,0,1,3
4,40395,0,1,3
4,40403,0,1,99
4,40405,0,1,99
4,40406,0,1,3
4,40409,0,1,3
4,40411,0,1,5
4,40414,0,1,8
4,40444,0,1,6
4,40454,0,1,3
4,40460,0,1,3
4,40463,0,1,3
4,40469,0,1,3
4,40471,0,1,3
4,40472,0,1,3
4,40472,0,2,3
4,40477,0,1,3
4,40484,0,1,9
4,40484,0,1,12
4,40487,0,1,8
4,40487,0,2,98
4,40493,0,1,3
4,40494,0,1,8
4,40496,0,1,3
4,40497,0,1,99
4,40500,0,1,5
4,40500,0,2,5
4,40503,0,1,4
4,40503,0,1,7
4,40504,0,1,12
4,40509,0,1,5
4,40512,0,1,3
4,40515,0,1,3
4,40516,0,1,3
4,40522,0,1,3
4,40527,0,1,3
4,40530,0,1,5
4,40533,0,1,3
4,40536,0,1,3
4,40545,0,1,3
4,40549,0,1,3
4,40554,0,1,5
4,40567,0,1,3
4,40570,0,1,3
4,40573,0,1,3
4,40583,0,1,5
4,40589,0,1,3
4,40595,0,1,11
4,40604,0,1,3
4,40605,0,1,3
4,40606,0,1,3
4,40613,0,1,99
4,40614,0,1,3
4,40617,0,1,5
4,40620,0,1,3
4,40622,0,1,3
4,40622,0,1,4
4,40623,0,1,8
4,40635,0,1,3
4,40639,0,1,3
4,40641,0,1,3
4,40642,0,1,3
4,40644,0,1,3
4,40646,0,1,5
4,40647,0,1,3
4,40656,0,1,8
4,40656,0,1,12
4,40657,0,1,3
4,40659,0,1,5
4,40665,0,1,8
4,40666,0,1,6
4,40668,0,1,3
4,40669,0,1,3
4,40671,0,1,5
4,40676,0,1,3
4,40678,0,1,3
4,40678,0,1,4
4,40680,0,1,99
4,40682,0,1,8
4,40683,0,1,3
4,40683,0,1,4
4,40694,0,1,99
4,40698,0,1,8
4,40699,0,1,14
4,40703,0,1,3
4,40704,0,1,3
4,40705,0,1,3
4,40707,0,1,3
4,40708,0,1,99
4,40712,0,1,3
4,40718,0,1,8
4,40722,0,1,1
4,40731,0,1,3
4,40733,0,1,99
4,40735,0,1,5
4,40738,0,1,3
4,40739,0,1,5
4,40745,0,1,3
4,40749,0,1,3
4,40751,0,1,3
4,40752,0,1,3
4,40753,0,1,99
4,40753,0,2,99
4,40754,0,1,3
4,40754,0,2,3
4,40755,0,1,3
4,40755,0,1,4
4,40761,0,1,3
4,40764,0,1,99
4,40766,0,1,3
4,40768,0,1,8
4,40769,0,1,99
5,50005,0,1,14
5,50032,0,1,99
5,50033,0,1,12
5,50033,0,2,12
5,50052,0,1,8
5,50053,0,1,6
5,50065,0,1,3
5,50074,0,1,98
5,50084,0,1,3
5,50113,0,1,3
5,50121,0,1,3
5,50133,0,1,12
5,50133,0,2,12
5,50136,0,1,3
5,50146,0,1,3
5,50147,0,1,14
5,50148,0,1,5
5,50157,0,1,14
5,50182,0,1,8
5,50185,0,1,9
5,50185,0,1,14
5,50191,0,1,8
5,50199,0,1,14
5,50201,0,1,3
5,50201,0,1,5
5,50201,0,1,8
5,50202,0,1,8
5,50202,0,1,5
5,50205,0,1,14
5,50228,0,1,99
5,50229,0,1,12
5,50229,0,1,9
5,50244,0,1,8
5,50244,0,1,12
5,50245,0,1,8
5,50245,0,1,14
5,50264,0,1,3
5,50264,0,1,8
5,50279,0,1,3
5,50289,0,1,14
5,50304,0,1,3
5,50309,0,1,3
5,50321,0,1,8
5,50326,0,1,8
5,50338,0,1,3
5,50339,0,1,5
5,50361,0,1,5
5,50369,0,1,8
5,50375,0,1,6
5,50380,0,1,14
5,50380,0,1,9
5,50380,0,1,12
5,50385,0,1,8
5,50385,0,1,12
5,50386,0,1,3
5,50389,0,1,8
5,50389,0,2,8
5,50404,0,1,3
5,50425,0,1,14
5,50443,0,1,5
5,50455,0,1,5
5,50463,0,1,3
5,50477,0,1,5
5,50501,0,1,8
5,50508,0,1,3
6,60003,0,1,3
6,60004,0,1,3
6,60005,0,1,6
6,60007,0,1,14
6,60009,0,1,6
6,60014,0,1,8
6,60023,0,1,3
6,60026,0,1,3
6,60032,0,1,98
6,60037,0,1,8
6,60039,0,1,11
6,60039,0,1,12
6,60041,0,1,3
6,60047,0,1,3
6,60048,0,1,8
6,60049,0,1,3
6,60052,0,1,3
6,60053,0,1,3
6,60055,0,1,3
6,60060,0,1,3
6,60064,0,1,3
6,60066,0,1,3
6,60068,0,1,3
6,60073,0,1,3
6,60075,0,1,3
6,60085,0,1,99
6,60088,0,1,3
6,60089,0,1,3
6,60090,0,1,8
6,60101,0,1,3
6,60104,0,1,3
6,60107,0,1,3
6,60108,0,1,3
6,60111,0,1,3
6,60114,0,1,8
6,60115,0,1,3
6,60119,0,1,3
6,60123,0,1,3
6,60126,0,1,3
6,60127,0,1,8
6,60131,0,1,8
6,60136,0,1,3
6,60144,0,1,14
6,60149,0,1,3
6,60167,0,1,3
6,60168,0,1,8
6,60172,0,1,3
6,60173,0,1,3
6,60174,0,1,6
6,60180,0,1,5
6,60180,0,1,9
6,60189,0,1,3
6,60192,0,1,3
6,60198,0,1,7
6,60201,0,1,3
6,60204,0,1,5
6,60206,0,1,3
6,60207,0,1,3
6,60211,0,1,3
6,60215,0,1,3
6,60215,0,2,3
6,60215,0,3,3
6,60215,0,4,3
6,60220,0,1,3
6,60222,0,1,6
6,60224,0,1,8
6,60227,0,1,5
6,60230,0,1,3
6,60233,0,1,3
6,60234,0,1,3
6,60236,0,1,3
6,60241,0,1,2
6,60253,0,1,3
6,60254,0,1,3
6,60257,0,1,3
6,60260,0,1,3
6,60261,0,1,99
6,60262,0,1,3
6,60264,0,1,3
6,60267,0,1,2
6,60268,0,1,8
6,60272,0,1,3
6,60274,0,1,5
6,60275,0,1,3
6,60279,0,1,9
6,60279,0,2,9
6,60279,0,2,12
6,60282,0,1,5
6,60282,0,1,9
6,60284,0,1,3
6,60286,0,1,3
6,60292,0,1,8
6,60292,0,2,8
6,60295,0,1,8
6,60295,0,1,12
6,60295,0,2,8
6,60295,0,2,12
6,60295,0,3,8
6,60295,0,3,12
6,60297,0,1,3
6,60297,0,2,3
6,60304,0,1,12
6,60308,0,1,5
6,60309,0,1,3
6,60312,0,1,3
6,60315,0,1,3
6,60321,0,1,3
6,60328,0,1,3
6,60330,0,1,14
6,60331,0,1,9
6,60341,0,1,3
6,60342,0,1,3
6,60344,0,1,3
6,60345,0,1,3
6,60352,0,1,3
6,60358,0,1,3
6,60359,0,1,5
6,60360,0,1,3
6,60362,0,1,3
6,60367,0,1,3
6,60372,0,1,8
6,60372,0,1,12
6,60374,0,1,14
6,60384,0,1,3
6,60388,0,1,3
6,60391,0,1,5
6,60393,0,1,3
6,60396,0,1,9
6,60400,0,1,3
6,60402,0,1,3
6,60402,0,2,3
6,60404,0,1,12
6,60405,0,1,3
6,60406,0,1,3
6,60407,0,1,3
6,60414,0,1,3
6,60416,0,1,3
6,60420,0,1,12
6,60421,0,1,5
6,60423,0,1,3
6,60425,0,1,12
6,60427,0,1,3
6,60432,0,1,3
6,60433,0,1,3
6,60434,0,1,3
6,60440,0,1,3
6,60441,0,1,3
6,60442,0,1,3
6,60443,0,1,3
6,60447,0,1,3
6,60452,0,1,3
6,60454,0,1,3
6,60455,0,1,3
6,60458,0,1,3
6,60459,0,1,14
6,60462,0,1,98
6,60470,0,1,99
6,60471,0,1,3
6,60480,0,1,3
6,60481,0,1,3
6,60482,0,1,3
6,60489,0,1,3
6,60490,0,1,3
6,60491,0,1,5
6,60495,0,1,8
6,60497,0,1,3
6,60502,0,1,3
6,60505,0,1,8
6,60506,0,1,5
6,60518,0,1,3
6,60519,0,1,3
6,60520,0,1,3
6,60521,0,1,8
6,60524,0,1,12
6,60528,0,1,8
6,60532,0,1,3
6,60532,0,2,3
6,60534,0,1,14
6,60547,0,1,8
6,60552,0,1,3
6,60553,0,1,8
6,60555,0,1,3
6,60557,0,1,3
6,60558,0,1,8
6,60562,0,1,3
6,60567,0,1,3
6,60568,0,1,6
6,60571,0,1,3
6,60574,0,1,3
6,60578,0,1,3
6,60579,0,1,3
6,60587,0,1,5
6,60588,0,1,5
6,60591,0,1,3
6,60596,0,1,12
6,60600,0,1,5
6,60600,0,2,5
6,60605,0,1,5
6,60612,0,1,9
6,60614,0,1,5
6,60625,0,1,3
6,60628,0,1,3
6,60629,0,1,3
6,60631,0,1,3
6,60632,0,1,3
6,60642,0,1,3
6,60643,0,1,3
6,60644,0,1,3
6,60646,0,1,9
6,60648,0,1,5
6,60649,0,1,3
6,60654,0,1,3
6,60659,0,1,3
6,60662,0,1,8
6,60666,0,1,3
6,60681,0,1,3
6,60682,0,1,3
6,60683,0,1,3
6,60690,0,1,7
6,60692,0,1,3
6,60693,0,1,3
6,60694,0,1,3
6,60697,0,1,7
6,60698,0,1,3
6,60708,0,1,3
6,60712,0,1,6
6,60713,0,1,3
6,60714,0,1,3
6,60714,0,1,12
6,60722,0,1,14
6,60724,0,1,3
6,60727,0,1,5
6,60736,0,1,3
6,60739,0,1,3
6,60741,0,1,3
6,60744,0,1,3
6,60745,0,1,15
6,60752,0,1,2
6,60755,0,1,8
6,60756,0,1,8
6,60760,0,1,3
6,60761,0,1,3
6,60762,0,1,8
6,60763,0,1,3
6,60763,0,2,3
6,60774,0,1,3
6,60776,0,1,3
6,60777,0,1,3
6,60779,0,1,3
6,60784,0,1,3
6,60784,0,1,6
6,60791,0,1,5
6,60792,0,1,9
6,60792,0,2,9
6,60793,0,1,3
6,60797,0,1,3
6,60801,0,1,3
6,60803,0,1,8
6,60804,0,1,3
6,60804,0,2,3
6,60804,0,3,3
6,60804,0,4,3
6,60804,0,5,3
6,60806,0,1,3
6,60810,0,1,3
6,60813,0,1,3
6,60824,0,1,3
6,60834,0,1,3
6,60839,0,1,3
6,60839,0,2,3
6,60845,0,1,5
6,60845,0,1,9
6,60846,0,1,3
6,60853,0,1,5
6,60862,0,1,3
6,60868,0,1,14
6,60868,0,2,14
6,60871,0,1,14
6,60873,0,1,3
6,60874,0,1,5
6,60880,0,1,14
6,60881,0,1,98
6,60888,0,1,3
6,60889,0,1,3
6,60891,0,1,12
6,60892,0,1,3
6,60896,0,1,3
6,60900,0,1,3
6,60906,0,1,3
6,60907,0,1,3
6,60908,0,1,5
6,60909,0,1,3
6,60913,0,1,3
6,60914,0,1,8
6,60917,0,1,9
6,60918,0,1,3
6,60921,0,1,3
6,60921,0,1,5
6,60922,0,1,3
6,60929,0,1,5
6,60935,0,1,3
6,60937,0,1,3
6,60938,0,1,8
6,60939,0,1,3
6,60939,0,1,4
6,60950,0,1,12
6,60951,0,1,8
6,60953,0,1,3
6,60958,0,1,3
6,60959,0,1,3
6,60960,0,1,8
6,60961,0,1,3
6,60962,0,1,6
6,60967,0,1,3
6,60970,0,1,8
6,60978,0,1,5
6,60981,0,1,3
6,60983,0,1,3
6,60986,0,1,3
6,60987,0,1,3
6,60988,0,1,3
6,60989,0,1,5
6,60991,0,1,5
6,60992,0,1,5
6,60997,0,1,5
6,60999,0,1,3
6,61000,0,1,3
6,61002,0,1,3
6,61003,0,1,5
6,61004,0,1,8
6,61007,0,1,3
6,61010,0,1,3
6,61012,0,1,3
6,61012,0,2,3
6,61014,0,1,3
6,61015,0,1,3
6,61016,0,1,3
6,61018,0,1,3
6,61020,0,1,3
6,61020,0,2,3
6,61021,0,1,3
6,61028,0,1,3
6,61029,0,1,3
6,61030,0,1,3
6,61031,0,1,3
6,61032,0,1,3
6,61034,0,1,7
6,61037,0,1,8
6,61037,0,1,11
6,61039,0,1,3
6,61043,0,1,3
6,61044,0,1,3
6,61045,0,1,3
6,61050,0,1,3
6,61051,0,1,3
6,61056,0,1,3
6,61057,0,1,3
6,61058,0,1,3
6,61060,0,1,5
6,61061,0,1,3
6,61062,0,1,8
6,61063,0,1,8
6,61064,0,1,4
6,61064,0,1,5
6,61065,0,1,3
6,61066,0,1,3
6,61067,0,1,3
6,61068,0,1,5
6,61069,0,1,8
6,61069,0,1,12
6,61070,0,1,3
6,61081,0,1,3
6,61082,0,1,3
6,61083,0,1,3
6,61084,0,1,5
6,61085,0,1,5
6,61086,0,1,3
6,61089,0,1,14
6,61092,0,1,8
6,61098,0,1,5
6,61104,0,1,3
6,61111,0,1,12
6,61112,0,1,5
6,61115,0,1,3
6,61118,0,1,5
6,61119,0,1,5
6,61119,0,2,5
6,61120,0,1,3
6,61122,0,1,7
6,61124,0,1,3
6,61126,0,1,8
6,61134,0,1,5
6,61135,0,1,3
6,61139,0,1,3
6,61140,0,1,8
6,61143,0,1,3
6,61147,0,1,3
6,61148,0,1,3
6,61152,0,1,3
6,61156,0,1,3
6,61162,0,1,3
6,61163,0,1,3
6,61171,0,1,98
6,61174,0,1,3
6,61175,0,1,3
6,61230,0,1,3
6,61234,0,1,8
6,61234,0,1,12
6,61234,0,2,8
6,61234,0,2,12
6,61235,0,1,3
6,61236,0,1,3
6,61239,0,1,3
6,61244,0,1,7
6,61244,0,2,7
6,61244,0,3,7
6,61246,0,1,3
6,61247,0,1,3
6,61250,0,1,5
6,61252,0,1,3
6,61253,0,1,4
6,61253,0,1,5
6,61256,0,1,5
6,61257,0,1,5
6,61267,0,1,3
6,61270,0,1,3
6,61275,0,1,3
6,61276,0,1,3
6,61280,0,1,8
6,61281,0,1,3
6,61303,0,1,14
6,61336,0,1,8
6,61337,0,1,8
6,61338,0,1,5
6,61339,0,1,3
6,61395,0,1,15
6,61395,0,2,15
6,61395,0,3,15
6,61397,0,1,5
6,61397,0,2,5
6,61397,0,3,5
6,61398,0,1,9
6,61401,0,1,3
6,61408,0,1,3
6,61422,0,1,3
6,61430,0,1,6
6,61431,0,1,99
6,61436,0,1,8
6,61438,0,1,6
6,61438,0,1,7
6,61441,0,1,3
6,61449,0,1,98
6,61450,0,1,3
6,61451,0,1,3
6,61453,0,1,3
6,61457,0,1,3
6,61460,0,1,14
6,61463,0,1,3
6,61464,0,1,3
6,61470,0,1,8
6,61473,0,1,5
6,61475,0,1,3
6,61484,0,1,3
6,61492,0,1,3
6,61493,0,1,3
6,61493,0,1,6
6,61497,0,1,99
6,61499,0,1,8
6,61503,0,1,14
6,61506,0,1,8
6,61506,0,2,8
6,61521,0,1,3
6,61523,0,1,5
6,61525,0,1,5
6,61527,0,1,6
6,61529,0,1,3
6,61530,0,1,12
6,61536,0,1,8
6,61536,0,1,12
6,61537,0,1,3
6,61541,0,1,5
6,61544,0,1,8
6,61547,0,1,3
6,61548,0,1,3
6,61552,0,1,8
6,61553,0,1,3
6,61554,0,1,3
6,61555,0,1,8
6,61570,0,1,8
6,61571,0,1,15
6,61572,0,1,3
6,61572,0,1,12
6,61573,0,1,3
6,61579,0,1,12
6,61580,0,1,8
6,61582,0,1,3
6,61583,0,1,3
6,61584,0,1,3
6,61585,0,1,3
6,61586,0,1,14
6,61592,0,1,3
6,61594,0,1,5
6,61603,0,1,14
6,61605,0,1,7
6,61606,0,1,3
6,61607,0,1,3
6,61609,0,1,14
6,61610,0,1,9
6,61610,0,1,12
6,61610,0,2,9
6,61610,0,2,12
6,61613,0,1,3
6,61614,0,1,3
6,61615,0,1,3
6,61616,0,1,5
6,61618,0,1,5
6,61621,0,1,3
6,61621,0,2,3
6,61623,0,1,3
6,61623,0,2,3
6,61624,0,1,3
6,61626,0,1,3
6,61631,0,1,3
6,61632,0,1,1
6,61633,0,1,3
6,61635,0,1,5
6,61636,0,1,3
6,61637,0,1,3
6,61640,0,1,3
6,61642,0,1,3
6,61643,0,1,3
6,61647,0,1,3
6,61648,0,1,3
6,61649,0,1,3
6,61651,0,1,7
6,61655,0,1,8
6,61655,0,1,12
6,61657,0,1,5
6,61661,0,1,14
6,61662,0,1,3
6,61663,0,1,3
6,61665,0,1,3
6,61666,0,1,3
6,61668,0,1,3
6,61669,0,1,3
6,61670,0,1,3
6,61685,0,1,3
6,61686,0,1,3
6,61687,0,1,3
6,61688,0,1,3
6,61692,0,1,3
6,61693,0,1,3
6,61695,0,1,3
6,61697,0,1,3
6,61700,0,1,3
6,61702,0,1,3
6,61703,0,1,3
6,61705,0,1,3
6,61707,0,1,3
6,61709,0,1,3
6,61715,0,1,8
6,61720,0,1,3
6,61729,0,1,5
6,61731,0,1,3
6,61733,0,1,3
6,61734,0,1,3
6,61736,0,1,5
6,61738,0,1,3
6,61744,0,1,3
6,61745,0,1,7
6,61753,0,1,3
6,61754,0,1,3
6,61756,0,1,3
6,61758,0,1,8
6,61759,0,1,8
6,61761,0,1,3
6,61764,0,1,3
6,61765,0,1,12
6,61770,0,1,3
6,61771,0,1,3
6,61772,0,1,12
6,61873,0,1,3
6,61876,0,1,6
6,61877,0,1,3
6,61882,0,1,3
6,61883,0,1,3
6,61886,0,1,3
6,61887,0,1,3
6,61888,0,1,3
6,61888,0,2,3
6,61894,0,1,5
6,61896,0,1,3
6,61898,0,1,3
6,61899,0,1,3
6,61904,0,1,3
6,61905,0,1,8
6,61910,0,1,3
6,61915,0,1,5
6,61918,0,1,1
6,61918,0,1,3
6,61918,0,2,1
6,61918,0,2,3
6,61919,0,1,3
6,61926,0,1,3
6,61927,0,1,3
6,61928,0,1,3
6,61929,0,1,3
6,61931,0,1,3
6,61932,0,1,3
6,61933,0,1,2
6,61933,0,1,9
6,61934,0,1,8
6,61935,0,1,3
6,61936,0,1,3
6,61937,0,1,3
6,61938,0,1,3
6,61939,0,1,3
6,61940,0,1,3
6,61941,0,1,3
6,61942,0,1,12
6,61943,0,1,3
6,61944,0,1,3
6,61945,0,1,3
6,61949,0,1,3
6,61956,0,1,9
6,61962,0,1,3
6,61965,0,1,3
6,61967,0,1,3
6,61968,0,1,12
6,61970,0,1,99
6,61971,0,1,3
6,61972,0,1,5
6,61973,0,1,3
6,61976,0,1,3
6,61977,0,1,3
6,61977,0,2,3
6,61981,0,1,3
6,61982,0,1,3
6,61985,0,1,3
6,61987,0,1,3
6,61988,0,1,3
6,61990,0,1,3
6,61991,0,1,3
6,61993,0,1,7
6,61994,0,1,3
6,61995,0,1,3
6,61997,0,1,3
6,61998,0,1,3
6,62002,0,1,5
6,62004,0,1,3
6,62004,0,2,3
6,62005,0,1,5
6,62006,0,1,3
6,62007,0,1,3
6,62009,0,1,3
6,62010,0,1,12
6,62011,0,1,3
6,62012,0,1,8
6,62015,0,1,8
6,62018,0,1,3
6,62019,0,1,3
6,62021,0,1,14
6,62028,0,1,9
6,62028,0,2,9
6,62029,0,1,3
6,62030,0,1,3
6,62031,0,1,3
6,62032,0,1,3
6,62033,0,1,3
6,62034,0,1,3
6,62034,0,1,12
6,62035,0,1,8
6,62036,0,1,3
6,62037,0,1,3
6,62038,0,1,3
6,62039,0,1,3
6,62040,0,1,6
6,62041,0,1,3
6,62042,0,1,3
6,62043,0,1,5
6,62044,0,1,3
6,62046,0,1,3
6,62047,0,1,3
6,62048,0,1,3
6,62052,0,1,3
6,62055,0,1,8
6,62058,0,1,5
6,62059,0,1,5
6,62060,0,1,3
6,62061,0,1,3
6,62062,0,1,3
6,62066,0,1,3
6,62066,0,2,3
6,62067,0,1,12
6,62068,0,1,3
6,62071,0,1,3
6,62071,0,2,3
6,62073,0,1,5
6,62074,0,1,3
6,62078,0,1,3
6,62079,0,1,7
6,62080,0,1,3
6,62082,0,1,7
6,62083,0,1,12
6,62083,0,2,12
6,62084,0,1,3
6,62085,0,1,3
6,62087,0,1,3
6,62088,0,1,3
6,62140,0,1,3
6,62141,0,1,6
6,62142,0,1,3
6,62143,0,1,14
6,62143,0,2,14
6,62143,0,3,14
6,62144,0,1,3
6,62147,0,1,3
6,62154,0,1,3
6,62157,0,1,3
6,62158,0,1,3
6,62160,0,1,3
6,62162,0,1,3
6,62164,0,1,8
6,62165,0,1,3
6,62166,0,1,3
6,62167,0,1,3
6,62169,0,1,8
6,62171,0,1,3
6,62172,0,1,3
6,62174,0,1,99
6,62176,0,1,8
6,62178,0,1,3
6,62181,0,1,3
6,62182,0,1,3
6,62183,0,1,3
6,62184,0,1,3
6,62185,0,1,8
6,62186,0,1,5
6,62187,0,1,99
6,62212,0,1,12
6,62240,0,1,99
6,62241,0,1,8
6,62241,0,2,8
6,62246,0,1,3
6,62249,0,1,8
6,62250,0,1,3
6,62256,0,1,3
6,62257,0,1,3
6,62258,0,1,3
6,62259,0,1,8
6,62270,0,1,3
6,62271,0,1,3
6,62276,0,1,3
6,62277,0,1,3
6,62278,0,1,3
6,62279,0,1,3
6,62280,0,1,3
6,62381,0,1,3
6,62382,0,1,3
6,62383,0,1,3
6,62385,0,1,8
6,62385,0,2,8
6,62389,0,1,3
6,62391,0,1,3
6,62392,0,1,3
6,62393,0,1,3
6,62396,0,1,3
6,62396,0,1,12
6,62398,0,1,3
6,62399,0,1,3
6,62400,0,1,3
6,62403,0,1,3
6,62406,0,1,3
6,62408,0,1,3
6,62412,0,1,3
6,62415,0,1,8
6,62417,0,1,8
6,62417,0,2,7
6,62419,0,1,3
6,62420,0,1,3
6,62421,0,1,8
6,62422,0,1,3
6,62425,0,1,3
6,62429,0,1,3
6,62432,0,1,3
6,62435,0,1,3
6,62436,0,1,3
6,62437,0,1,3
6,62443,0,1,3
6,62452,0,1,3
6,62454,0,1,8
6,62457,0,1,10
6,62457,0,1,12
6,62458,0,1,3
6,62459,0,1,3
6,62460,0,1,3
6,62463,0,1,3
6,62464,0,1,3
6,62470,0,1,3
6,62472,0,1,3
6,62473,0,1,3
6,62475,0,1,3
6,62475,0,1,4
6,62478,0,1,3
6,62482,0,1,3
6,62483,0,1,3
6,62484,0,1,3
6,62484,0,2,3
6,62486,0,1,7
6,62490,0,1,3
6,62493,0,1,3
6,62500,0,1,6
6,62504,0,1,12
6,62506,0,1,98
6,62508,0,1,3
6,62509,0,1,10
6,62513,0,1,98
6,62514,0,1,3
6,62516,0,1,3
6,62519,0,1,3
6,62522,0,1,15
6,62524,0,1,3
6,62524,0,2,3
6,62526,0,1,3
6,62527,0,1,5
6,62528,0,1,98
6,62529,0,1,6
6,62532,0,1,3
6,62535,0,1,3
6,62535,0,2,3
6,62540,0,1,3
6,62542,0,1,9
6,62542,0,2,9
6,62542,0,3,9
6,62544,0,1,3
6,62545,0,1,3
6,62546,0,1,3
6,62552,0,1,3
6,62554,0,1,99
6,62556,0,1,8
6,62557,0,1,6
6,62558,0,1,8
6,62561,0,1,3
6,62562,0,1,3
6,62564,0,1,3
6,62569,0,1,3
6,62571,0,1,5
6,62572,0,1,3
6,62573,0,1,3
6,62573,0,2,3
6,62578,0,1,3
6,62579,0,1,5
6,62584,0,1,5
6,62586,0,1,3
6,62590,0,1,98
6,62591,0,1,3
6,62593,0,1,6
6,62596,0,1,3
6,62597,0,1,15
6,62601,0,1,3
6,62605,0,1,9
6,62607,0,1,9
6,62609,0,1,3
6,62611,0,1,5
6,62612,0,1,3
6,62613,0,1,3
6,62614,0,1,98
6,62619,0,1,3
8,80007,0,1,8
8,80010,0,1,8
8,80012,0,1,5
8,80014,0,1,3
8,80018,0,1,11
8,80018,0,2,8
8,80023,0,1,99
8,80029,0,1,3
8,80033,0,1,14
8,80036,0,1,3
8,80038,0,1,3
8,80041,0,1,7
8,80045,0,1,8
8,80053,0,1,3
8,80060,0,1,3
8,80062,0,1,3
8,80063,0,1,5
8,80097,0,1,3
8,80102,0,1,3
8,80102,0,1,4
8,80113,0,1,3
8,80114,0,1,3
8,80114,0,1,4
8,80118,0,1,3
8,80125,0,1,3
8,80126,0,1,3
8,80132,0,1,8
8,80140,0,1,3
8,80148,0,1,5
8,80156,0,1,5
8,80167,0,1,5
8,80172,0,1,3
8,80175,0,1,3
8,80176,0,1,3
8,80190,0,1,3
8,80206,0,1,5
8,80220,0,1,10
8,80220,0,1,12
8,80221,0,1,3
8,80247,0,1,3
8,80271,0,1,6
8,80283,0,1,5
8,80289,0,1,3
8,80293,0,1,3
8,80307,0,1,6
8,80307,0,1,7
8,80319,0,1,3
8,80321,0,1,3
8,80322,0,1,14
8,80322,0,2,14
8,80322,0,3,14
8,80328,0,1,5
8,80332,0,1,3
8,80338,0,1,3
8,80339,0,1,3
8,80341,0,1,3
8,80344,0,1,3
8,80356,0,1,3
8,80361,0,1,1
8,80361,0,1,3
8,80361,0,2,1
8,80361,0,2,3
8,80365,0,1,3
8,80369,0,1,3
8,80400,0,1,3
8,80405,0,1,7
8,80407,0,1,5
9,90009,0,1,3
9,90010,0,1,12
9,90018,0,1,3
9,90045,0,1,3
9,90051,0,1,3
9,90053,0,1,9
9,90056,0,1,3
9,90082,0,1,3
9,90082,0,1,6
9,90084,0,1,3
9,90114,0,1,14
9,90115,0,1,3
9,90129,0,1,3
9,90133,0,1,5
9,90133,0,1,9
9,90140,0,1,9
9,90141,0,1,5
9,90141,0,1,9
9,90142,0,1,3
9,90145,0,1,9
9,90149,0,1,7
9,90153,0,1,3
9,90154,0,1,3
9,90156,0,1,3
9,90157,0,1,3
9,90158,0,1,3
9,90162,0,1,98
9,90162,0,2,98
9,90169,0,1,3
9,90171,0,1,3
9,90172,0,1,3
9,90174,0,1,3
9,90180,0,1,3
9,90181,0,1,3
9,90181,0,1,12
9,90194,0,1,9
9,90196,0,1,99
9,90197,0,1,12
9,90199,0,1,3
10,100004,0,1,8
10,100010,0,1,8
10,100014,0,1,3
10,100022,0,1,3
10,100028,0,1,3
10,100033,0,1,3
10,100035,0,1,3
10,100040,0,1,9
10,100054,0,1,8
10,100054,0,1,12
10,100054,0,2,8
10,100054,0,2,12
10,100063,0,1,3
10,100065,0,1,3
10,100066,0,1,8
10,100070,0,1,3
10,100073,0,1,8
10,100082,0,1,3
10,100084,0,1,15
10,100085,0,1,8
10,100092,0,1,3
10,100094,0,1,3
11,110003,0,1,3
11,110004,0,1,12
11,110007,0,1,3
11,110008,0,1,3
11,110010,0,1,8
11,110012,0,1,3
11,110013,0,1,3
11,110013,0,1,6
11,110019,0,1,3
11,110020,0,1,3
11,110021,0,1,3
12,120007,0,1,3
12,120023,0,1,3
12,120025,0,1,12
12,120030,0,1,5
12,120039,0,1,3
12,120040,0,1,3
12,120051,0,1,2
12,120054,0,1,9
12,120058,0,1,3
12,120079,0,1,3
12,120080,0,1,5
12,120090,0,1,3
12,120093,0,1,5
12,120095,0,1,8
12,120096,0,1,12
12,120096,0,2,12
12,120097,0,1,3
12,120098,0,1,11
12,120099,0,1,5
12,120099,0,2,5
12,120106,0,1,5
12,120117,0,1,5
12,120118,0,1,3
12,120123,0,1,8
12,120125,0,1,5
12,120126,0,1,3
12,120130,0,1,3
12,120135,0,1,3
12,120136,0,1,3
12,120137,0,1,9
12,120140,0,1,8
12,120142,0,1,6
12,120143,0,1,3
12,120147,0,1,3
12,120152,0,1,6
12,120153,0,1,3
12,120160,0,1,3
12,120168,0,1,3
12,120182,0,1,3
12,120183,0,1,3
12,120184,0,1,3
12,120186,0,1,3
12,120191,0,1,8
12,120194,0,1,8
12,120195,0,1,6
12,120195,0,1,9
12,120199,0,1,8
12,120206,0,1,3
12,120207,0,1,3
12,120215,0,1,3
12,120224,0,1,3
12,120228,0,1,5
12,120232,0,1,5
12,120248,0,1,2
12,120249,0,1,5
12,120253,0,1,12
12,120254,0,1,3
12,120257,0,1,3
12,120266,0,1,3
12,120267,0,1,3
12,120268,0,1,12
12,120268,0,2,12
12,120268,0,3,12
12,120269,0,1,3
12,120274,0,1,9
12,120277,0,1,9
12,120277,0,2,9
12,120277,0,3,9
12,120277,0,4,9
12,120277,0,5,9
12,120279,0,1,3
12,120283,0,1,3
12,120285,0,1,7
12,120286,0,1,6
12,120289,0,1,5
12,120295,0,1,3
12,120308,0,1,99
12,120310,0,1,3
12,120315,0,1,9
12,120316,0,1,8
12,120324,0,1,3
12,120326,0,1,3
12,120327,0,1,5
12,120332,0,1,5
12,120336,0,1,3
12,120338,0,1,7
12,120341,0,1,3
12,120343,0,1,3
12,120352,0,1,3
12,120359,0,1,8
12,120371,0,1,3
12,120372,0,1,3
12,120383,0,1,5
12,120383,0,1,8
12,120384,0,1,3
12,120387,0,1,3
12,120399,0,1,5
12,120401,0,1,5
12,120409,0,1,3
12,120410,0,1,3
12,120412,0,1,3
12,120415,0,1,3
12,120416,0,1,5
12,120417,0,1,1
12,120417,0,2,1
12,120417,0,3,1
12,120417,0,4,1
12,120425,0,1,3
12,120426,0,1,5
12,120433,0,1,8
12,120436,0,1,5
12,120441,0,1,2
12,120443,0,1,3
12,120444,0,1,5
12,120444,0,1,9
12,120446,0,1,5
12,120454,0,1,8
12,120458,0,1,3
12,120461,0,1,9
12,120464,0,1,3
12,120467,0,1,3
12,120469,0,1,5
12,120474,0,1,99
12,120478,0,1,3
12,120479,0,1,3
12,120489,0,1,3
12,120496,0,1,3
12,120501,0,1,3
12,120508,0,1,3
12,120511,0,1,3
12,120511,0,2,3
12,120516,0,1,6
12,120518,0,1,7
12,120519,0,1,5
12,120522,0,1,5
12,120534,0,1,3
12,120535,0,1,3
12,120537,0,1,7
12,120538,0,1,3
12,120541,0,1,2
12,120541,0,2,2
12,120541,0,3,2
12,120541,0,4,2
12,120548,0,1,6
12,120550,0,1,12
12,120551,0,1,3
12,120552,0,1,3
12,120557,0,1,8
12,120559,0,1,3
12,120563,0,1,3
12,120567,0,1,3
12,120574,0,1,3
12,120577,0,1,5
12,120581,0,1,3
12,120582,0,1,3
12,120583,0,1,5
12,120586,0,1,3
12,120589,0,1,3
12,120589,0,2,3
12,120590,0,1,3
12,120594,0,1,3
12,120596,0,1,5
12,120601,0,1,3
12,120608,0,1,3
12,120615,0,1,3
12,120615,0,2,3
12,120616,0,1,3
12,120617,0,1,3
12,120629,0,1,3
12,120630,0,1,3
12,120636,0,1,3
12,120640,0,1,3
12,120649,0,1,3
12,120656,0,1,3
12,120665,0,1,3
12,120670,0,1,8
12,120678,0,1,3
12,120679,0,1,3
12,120680,0,1,7
12,120689,0,1,12
12,120699,0,1,3
12,120700,0,1,3
12,120701,0,1,3
12,120716,0,1,6
12,120722,0,1,3
12,120730,0,1,3
12,120730,0,2,3
12,120731,0,1,3
12,120734,0,1,3
12,120737,0,1,3
12,120738,0,1,3
12,120740,0,1,3
12,120741,0,1,3
12,120743,0,1,2
12,120745,0,1,99
12,120753,0,1,8
12,120758,0,1,3
12,120759,0,1,8
12,120777,0,1,2
12,120777,0,2,2
12,120777,0,3,2
12,120778,0,1,3
12,120781,0,1,98
12,120782,0,1,3
12,120785,0,1,3
12,120787,0,1,6
12,120789,0,1,3
12,120790,0,1,3
12,120791,0,1,3
12,120794,0,1,3
12,120797,0,1,3
12,120801,0,1,8
12,120802,0,1,6
12,120806,0,1,3
12,120807,0,1,8
12,120808,0,1,7
12,120808,0,2,7
12,120810,0,1,3
12,120811,0,1,3
12,120813,0,1,3
12,120820,0,1,3
12,120824,0,1,3
12,120840,0,1,8
12,120841,0,1,8
12,120843,0,1,3
12,120845,0,1,6
12,120849,0,1,8
12,120857,0,1,3
12,120860,0,1,3
12,120865,0,1,3
12,120866,0,1,3
12,120870,0,1,3
12,120877,0,1,7
12,120885,0,1,3
12,120886,0,1,9
12,120890,0,1,12
12,120891,0,1,3
12,120894,0,1,8
12,120894,0,1,9
12,120895,0,1,3
12,120897,0,1,8
12,120900,0,1,8
12,120903,0,1,3
12,120918,0,1,3
12,120932,0,1,12
12,120932,0,1,14
12,120937,0,1,3
12,120941,0,1,3
12,120945,0,1,3
12,120947,0,1,3
12,120950,0,1,3
12,120955,0,1,3
12,120956,0,1,99
12,120957,0,1,3
12,120959,0,1,99
12,120964,0,1,3
12,120965,0,1,5
12,120967,0,1,3
12,120967,0,1,8
12,120979,0,1,9
12,120980,0,1,3
12,120981,0,1,5
12,120982,0,1,3
12,120986,0,1,3
12,120989,0,1,3
12,120989,0,2,3
12,120993,0,1,3
12,120994,0,1,3
12,120995,0,1,3
12,120998,0,1,3
12,120999,0,1,8
12,121005,0,1,8
12,121007,0,1,3
12,121011,0,1,3
12,121025,0,1,3
12,121031,0,1,3
12,121033,0,1,3
12,121038,0,1,3
12,121039,0,1,3
12,121041,0,1,3
12,121042,0,1,3
12,121044,0,1,3
12,121045,0,1,3
12,121048,0,1,3
12,121049,0,1,3
12,121055,0,1,7
12,121055,0,2,7
12,121055,0,3,7
12,121055,0,4,7
12,121056,0,1,7
12,121058,0,1,98
12,121061,0,1,3
12,121063,0,1,8
12,121080,0,1,5
12,121085,0,1,3
12,121086,0,1,3
12,121087,0,1,3
12,121088,0,1,5
12,121089,0,1,8
12,121090,0,1,3
12,121092,0,1,7
12,121108,0,1,3
12,121109,0,1,9
12,121112,0,1,3
12,121119,0,1,3
12,121122,0,1,8
12,121124,0,1,3
12,121129,0,1,3
12,121130,0,1,3
12,121130,0,2,3
12,121149,0,1,3
12,121152,0,1,3
12,121154,0,1,3
12,121155,0,1,3
12,121157,0,1,7
12,121158,0,1,6
12,121159,0,1,3
12,121163,0,1,3
12,121164,0,1,5
12,121166,0,1,8
12,121172,0,1,3
12,121183,0,1,3
12,121192,0,1,3
12,121196,0,1,3
12,121199,0,1,5
12,121205,0,1,3
12,121205,0,2,3
12,121207,0,1,5
12,121213,0,1,8
12,121217,0,1,3
12,121223,0,1,8
12,121239,0,1,3
12,121242,0,1,2
12,121242,0,2,2
12,121242,0,3,2
12,121242,0,4,2
12,121251,0,1,3
12,121252,0,1,3
12,121256,0,1,3
12,121264,0,1,15
12,121268,0,1,3
12,121274,0,1,12
12,121275,0,1,6
12,121279,0,1,14
12,121279,0,2,14
12,121281,0,1,3
12,121282,0,1,3
12,121283,0,1,3
12,121284,0,1,8
12,121287,0,1,12
12,121290,0,1,3
12,121291,0,1,3
12,121292,0,1,8
12,121304,0,1,6
12,121305,0,1,3
12,121307,0,1,3
12,121316,0,1,8
12,121319,0,1,6
12,121321,0,1,9
12,121324,0,1,3
12,121325,0,1,3
12,121326,0,1,3
12,121327,0,1,3
12,121332,0,1,3
12,121334,0,1,3
12,121342,0,1,3
12,121353,0,1,3
12,121354,0,1,3
12,121358,0,1,6
12,121362,0,1,3
12,121366,0,1,3
12,121368,0,1,3
12,121370,0,1,3
12,121378,0,1,3
12,121382,0,1,3
12,121384,0,1,5
12,121390,0,1,8
12,121397,0,1,5
12,121399,0,1,5
12,121401,0,1,3
12,121414,0,1,5
12,121416,0,1,5
12,121416,0,2,5
12,121420,0,1,3
12,121422,0,1,3
12,121423,0,1,11
12,121424,0,1,9
12,121424,0,2,9
12,121428,0,1,8
12,121434,0,1,8
12,121439,0,1,5
12,121443,0,1,99
12,121448,0,1,3
12,121458,0,1,3
12,121459,0,1,8
12,121459,0,2,8
12,121471,0,1,6
12,121472,0,1,3
12,121474,0,1,3
12,121477,0,1,3
12,121485,0,1,5
12,121487,0,1,14
12,121487,0,2,14
12,121491,0,1,9
12,121491,0,1,12
12,121495,0,1,3
12,121501,0,1,11
12,121501,0,2,11
12,121501,0,3,11
12,121504,0,1,3
12,121510,0,1,6
12,121511,0,1,9
12,121511,0,1,12
12,121515,0,1,3
12,121516,0,1,3
12,121519,0,1,5
12,121522,0,1,3
12,121524,0,1,3
12,121532,0,1,5
12,121540,0,1,6
12,121543,0,1,3
12,121547,0,1,3
12,121550,0,1,3
12,121558,0,1,3
12,121566,0,1,3
12,121570,0,1,3
12,121575,0,1,3
12,121576,0,1,5
12,121578,0,1,3
12,121582,0,1,3
12,121582,0,1,12
12,121584,0,1,3
12,121585,0,1,5
12,121588,0,1,3
12,121589,0,1,3
12,121593,0,1,5
12,121593,0,1,8
12,121598,0,1,8
12,121598,0,2,8
12,121602,0,1,8
12,121605,0,1,3
12,121606,0,1,5
12,121608,0,1,8
12,121614,0,1,5
12,121615,0,1,3
12,121616,0,1,3
12,121619,0,1,3
12,121620,0,1,3
12,121622,0,1,5
12,121627,0,1,8
12,121630,0,1,9
12,121632,0,1,3
12,121633,0,1,3
12,121635,0,1,3
12,121636,0,1,12
12,121640,0,1,3
12,121641,0,1,3
12,121644,0,1,5
12,121645,0,1,3
12,121648,0,1,9
12,121651,0,1,3
12,121652,0,1,3
12,121653,0,1,3
12,121657,0,1,3
12,121663,0,1,5
12,121667,0,1,3
12,121669,0,1,14
12,121669,0,2,14
12,121670,0,1,3
12,121673,0,1,3
12,121675,0,1,8
12,121678,0,1,5
12,121685,0,1,8
12,121686,0,1,5
12,121688,0,1,3
12,121691,0,1,3
12,121695,0,1,3
12,121696,0,1,3
12,121702,0,1,3
12,121705,0,1,15
12,121705,0,2,15
12,121706,0,1,5
12,121718,0,1,3
12,121720,0,1,3
12,121722,0,1,5
12,121723,0,1,3
12,121726,0,1,3
12,121728,0,1,3
12,121729,0,1,3
12,121730,0,1,3
12,121731,0,1,3
12,121735,0,1,3
12,121737,0,1,8
12,121740,0,1,3
12,121741,0,1,8
12,121745,0,1,3
12,121746,0,1,2
12,121747,0,1,8
12,121750,0,1,12
12,121753,0,1,3
12,121754,0,1,3
12,121756,0,1,6
12,121758,0,1,8
12,121766,0,1,3
12,121770,0,1,3
12,121777,0,1,3
12,121786,0,1,5
12,121791,0,1,5
12,121803,0,1,3
12,121809,0,1,3
12,121822,0,1,3
12,121831,0,1,3
12,121833,0,1,8
12,121837,0,1,5
12,121837,0,1,9
12,121837,0,2,9
12,121837,0,2,5
12,121839,0,1,6
12,121841,0,1,8
12,121845,0,1,3
12,121846,0,1,3
12,121849,0,1,6
12,121850,0,1,9
12,121851,0,1,8
12,121851,0,2,8
12,121852,0,1,6
12,121854,0,1,3
12,121855,0,1,3
12,121856,0,1,8
12,121860,0,1,3
12,121862,0,1,3
12,121865,0,1,15
12,121867,0,1,3
12,121873,0,1,8
12,121878,0,1,3
12,121879,0,1,3
12,121880,0,1,3
12,121884,0,1,3
12,121885,0,1,3
12,121892,0,1,3
12,121894,0,1,3
12,121895,0,1,8
12,121897,0,1,3
12,121899,0,1,5
12,121901,0,1,5
12,121908,0,1,2
12,121911,0,1,3
12,121912,0,1,5
12,121925,0,1,3
12,121939,0,1,8
12,121943,0,1,3
12,121951,0,1,5
12,121953,0,1,3
12,121954,0,1,3
12,121957,0,1,15
12,121958,0,1,5
12,121960,0,1,3
12,121960,0,2,3
12,121967,0,1,3
12,121969,0,1,3
12,121972,0,1,3
12,121974,0,1,3
12,121978,0,1,5
12,121980,0,1,3
12,121987,0,1,8
12,121987,0,1,12
12,121996,0,1,3
12,122005,0,1,3
12,122007,0,1,3
12,122009,0,1,3
12,122009,0,2,3
12,122011,0,1,3
12,122015,0,1,8
12,122015,0,1,12
12,122026,0,1,6
12,122029,0,1,5
12,122031,0,1,98
12,122032,0,1,3
12,122036,0,1,3
12,122040,0,1,6
12,122049,0,1,3
12,122054,0,1,6
12,122055,0,1,8
12,122057,0,1,3
12,122058,0,1,3
12,122060,0,1,5
12,122066,0,1,5
12,122067,0,1,3
12,122071,0,1,6
12,122076,0,1,3
12,122079,0,1,3
12,122080,0,1,3
12,122082,0,1,3
12,122085,0,1,12
12,122088,0,1,14
12,122090,0,1,3
12,122091,0,1,3
12,122093,0,1,5
12,122095,0,1,3
12,122097,0,1,3
12,122097,0,1,12
12,122101,0,1,12
12,122101,0,1,3
12,122102,0,1,11
12,122104,0,1,8
12,122104,0,1,12
12,122106,0,1,3
12,122107,0,1,2
12,122109,0,1,3
12,122110,0,1,3
12,122111,0,1,5
12,122114,0,1,8
12,122116,0,1,6
12,122117,0,1,3
12,122118,0,1,3
12,122119,0,1,2
12,122123,0,1,3
12,122124,0,1,5
12,122131,0,1,3
12,122132,0,1,3
12,122133,0,1,99
12,122137,0,1,3
12,122139,0,1,5
12,122139,0,2,5
12,122139,0,3,5
12,122139,0,4,5
12,122140,0,1,99
12,122144,0,1,3
12,122145,0,1,3
12,122146,0,1,3
12,122147,0,1,3
12,122148,0,1,3
12,122151,0,1,3
12,122152,0,1,3
12,122155,0,1,3
12,122159,0,1,3
12,122165,0,1,3
12,122167,0,1,3
12,122173,0,1,7
12,122177,0,1,3
12,122178,0,1,3
12,122179,0,1,3
12,122180,0,1,8
12,122181,0,1,3
12,122182,0,1,3
12,122183,0,1,3
12,122188,0,1,2
12,122190,0,1,3
12,122191,0,1,3
12,122194,0,1,3
12,122200,0,1,6
12,122201,0,1,3
12,122202,0,1,3
12,122204,0,1,3
12,122208,0,1,3
12,122210,0,1,3
12,122216,0,1,3
12,122217,0,1,3
12,122217,0,1,12
12,122218,0,1,3
12,122220,0,1,8
12,122225,0,1,3
12,122231,0,1,3
12,122233,0,1,3
12,122234,0,1,7
12,122238,0,1,3
12,122239,0,1,3
12,122239,0,2,3
12,122241,0,1,3
12,122244,0,1,3
12,122249,0,1,3
12,122251,0,1,3
12,122253,0,1,3
12,122254,0,1,3
12,122255,0,1,99
12,122256,0,1,11
12,122259,0,1,5
12,122260,0,1,3
12,122262,0,1,6
12,122268,0,1,3
12,122268,0,2,3
12,122275,0,1,3
12,122276,0,1,9
12,122280,0,1,3
12,122281,0,1,9
12,122282,0,1,6
12,122283,0,1,99
12,122287,0,1,3
12,122290,0,1,3
12,122293,0,1,5
12,122294,0,1,3
12,122295,0,1,3
12,122296,0,1,2
12,122298,0,1,3
12,122300,0,1,8
12,122304,0,1,3
12,122308,0,1,3
13,130010,0,1,3
13,130016,0,1,3
13,130016,0,1,12
13,130032,0,1,3
13,130077,0,1,8
13,130078,0,1,9
13,130078,0,1,12
13,130078,0,2,12
13,130078,0,2,9
13,130088,0,1,5
13,130088,0,2,5
13,130090,0,1,8
13,130104,0,1,99
13,130105,0,1,3
13,130106,0,1,8
13,130111,0,1,3
13,130126,0,1,8
13,130137,0,1,3
13,130142,0,1,8
13,130154,0,1,3
13,130157,0,1,5
13,130162,0,1,3
13,130167,0,1,5
13,130174,0,1,8
13,130174,0,1,12
13,130174,0,2,8
13,130174,0,2,12
13,130174,0,3,9
13,130174,0,3,12
13,130182,0,1,99
13,130188,0,1,5
13,130191,0,1,8
13,130191,0,2,8
13,130193,0,1,2
13,130208,0,1,3
13,130225,0,1,5
13,130236,0,1,3
13,130252,0,1,99
13,130258,0,1,7
13,130258,0,2,7
13,130261,0,1,3
13,130263,0,1,3
13,130274,0,1,3
13,130283,0,1,5
13,130292,0,1,12
13,130320,0,1,3
13,130322,0,1,12
13,130322,0,2,12
13,130335,0,1,3
13,130338,0,1,3
13,130366,0,1,3
13,130368,0,1,3
13,130370,0,1,3
13,130383,0,1,3
13,130396,0,1,3
13,130398,0,1,3
13,130404,0,1,6
13,130404,0,1,9
13,130404,0,2,9
13,130404,0,2,6
13,130420,0,1,3
13,130421,0,1,8
13,130421,0,1,12
13,130425,0,1,3
13,130439,0,1,3
13,130471,0,1,3
13,130497,0,1,3
13,130501,0,1,3
13,130508,0,1,5
13,130513,0,1,5
13,130514,0,1,3
13,130524,0,1,6
13,130528,0,1,8
13,130536,0,1,3
13,130542,0,1,3
13,130543,0,1,3
13,130545,0,1,5
13,130549,0,1,3
13,130552,0,1,6
13,130559,0,1,3
13,130560,0,1,5
13,130566,0,1,3
13,130568,0,1,6
13,130571,0,1,8
13,130576,0,1,8
13,130597,0,1,8
13,130600,0,1,5
13,130612,0,1,8
13,130613,0,1,14
13,130613,0,2,14
13,130634,0,1,3
13,130644,0,1,6
13,130668,0,1,5
13,130668,0,2,5
13,130668,0,3,5
13,130693,0,1,3
13,130696,0,1,9
13,130696,0,1,12
13,130697,0,1,8
13,130701,0,1,3
13,130705,0,1,5
13,130707,0,1,3
13,130713,0,1,5
13,130713,0,1,9
13,130721,0,1,3
13,130729,0,1,8
13,130729,0,2,8
13,130737,0,1,6
13,130753,0,1,99
13,130774,0,1,3
13,130783,0,1,6
13,130794,0,1,3
13,130797,0,1,9
13,130797,0,1,12
13,130806,0,1,14
13,130808,0,1,8
13,130809,0,1,5
13,130809,0,1,9
13,130810,0,1,3
13,130819,0,1,3
13,130822,0,1,8
13,130824,0,1,3
13,130851,0,1,8
13,130852,0,1,3
13,130861,0,1,3
13,130868,0,1,12
13,130869,0,1,12
13,130873,0,1,5
13,130890,0,1,9
13,130892,0,1,3
13,130893,0,1,3
13,130899,0,1,8
13,130901,0,1,5
13,130902,0,1,3
13,130906,0,1,14
13,130910,0,1,8
13,130917,0,1,8
13,130917,0,1,12
13,130918,0,1,6
13,130921,0,1,3
13,130923,0,1,5
13,130924,0,1,3
13,130924,0,1,5
13,130943,0,1,12
13,130943,0,2,12
13,130944,0,1,3
13,130944,0,2,3
13,130946,0,1,3
13,130955,0,1,6
13,130955,0,2,6
13,130968,0,1,5
13,130989,0,1,3
13,131019,0,1,9
13,131019,0,2,9
13,131024,0,1,5
13,131036,0,1,3
13,131046,0,1,9
13,131046,0,2,9
13,131046,0,3,9
13,131046,0,4,9
13,131047,0,1,3
13,131050,0,1,3
13,131052,0,1,6
13,131057,0,1,9
13,131057,0,1,12
13,131064,0,1,3
13,131075,0,1,8
13,131085,0,1,3
13,131085,0,2,3
13,131086,0,1,6
13,131088,0,1,14
13,131089,0,1,8
13,131100,0,1,5
13,131105,0,1,3
13,131105,0,2,3
13,131109,0,1,5
13,131113,0,1,8
13,131118,0,1,99
15,150007,0,1,3
15,150020,0,1,3
15,150022,0,1,7
15,150023,0,1,7
15,150026,0,1,3
15,150028,0,1,3
15,150034,0,1,3
15,150037,0,1,3
15,150039,0,1,5
15,150041,0,1,3
15,150048,0,1,3
15,150058,0,1,3
15,150064,0,1,8
15,150065,0,1,5
15,150067,0,1,8
15,150069,0,1,14
15,150072,0,1,10
15,150072,0,2,10
15,150073,0,1,3
15,150079,0,1,9
15,150079,0,1,12
15,150079,0,2,12
15,150079,0,2,9
15,150083,0,1,3
15,150089,0,1,3
15,150092,0,1,5
15,150093,0,1,3
15,150094,0,1,3
15,150097,0,1,3
16,160016,0,1,3
16,160027,0,1,3
16,160045,0,1,8
16,160051,0,1,7
16,160083,0,1,3
16,160095,0,1,12
16,160095,0,1,8
16,160102,0,1,5
16,160133,0,1,3
16,160136,0,1,3
16,160139,0,1,9
16,160148,0,1,5
17,170006,0,1,3
17,170017,0,1,12
17,170017,0,1,9
17,170017,0,2,9
17,170017,0,2,12
17,170021,0,1,3
17,170024,0,1,3
17,170034,0,1,3
17,170035,0,1,8
17,170040,0,1,3
17,170051,0,1,8
17,170060,0,1,99
17,170067,0,1,3
17,170075,0,1,8
17,170077,0,1,3
17,170081,0,1,8
17,170090,0,1,5
17,170090,0,2,5
17,170093,0,1,3
17,170095,0,1,3
17,170097,0,1,6
17,170109,0,1,3
17,170110,0,1,9
17,170110,0,1,12
17,170111,0,1,3
17,170112,0,1,3
17,170120,0,1,11
17,170140,0,1,3
17,170141,0,1,3
17,170143,0,1,5
17,170149,0,1,3
17,170157,0,1,9
17,170168,0,1,3
17,170173,0,1,3
17,170175,0,1,3
17,170180,0,1,5
17,170182,0,1,3
17,170189,0,1,99
17,170193,0,1,3
17,170195,0,1,5
17,170200,0,1,8
17,170209,0,1,3
17,170214,0,1,8
17,170214,0,2,8
17,170216,0,1,3
17,170225,0,1,8
17,170232,0,1,3
17,170235,0,1,8
17,170240,0,1,3
17,170242,0,1,99
17,170253,0,1,12
17,170272,0,1,3
17,170275,0,1,8
17,170276,0,1,3
17,170279,0,1,3
17,170284,0,1,12
17,170292,0,1,9
17,170292,0,1,12
17,170303,0,1,8
17,170312,0,1,5
17,170313,0,1,12
17,170324,0,1,3
17,170331,0,1,3
17,170337,0,1,3
17,170342,0,1,5
17,170348,0,1,12
17,170352,0,1,3
17,170360,0,1,5
17,170366,0,1,5
17,170369,0,1,5
17,170370,0,1,6
17,170383,0,1,8
17,170387,0,1,5
17,170392,0,1,9
17,170392,0,2,9
17,170392,0,3,9
17,170393,0,1,3
17,170395,0,1,5
17,170407,0,1,3
17,170413,0,1,8
17,170413,0,1,3
17,170421,0,1,3
17,170422,0,1,7
17,170422,0,1,5
17,170424,0,1,3
17,170431,0,1,3
17,170460,0,1,3
17,170463,0,1,5
17,170465,0,1,8
17,170469,0,1,2
17,170470,0,1,8
17,170474,0,1,11
17,170474,0,2,11
17,170475,0,1,8
17,170475,0,1,12
17,170482,0,1,5
17,170483,0,1,3
17,170487,0,1,2
17,170508,0,1,9
17,170517,0,1,3
17,170517,0,1,8
17,170519,0,1,5
17,170530,0,1,5
17,170531,0,1,3
17,170534,0,1,5
17,170545,0,1,9
17,170551,0,1,6
17,170553,0,1,8
17,170557,0,1,3
17,170563,0,1,5
17,170565,0,1,5
17,170565,0,2,5
17,170569,0,1,3
17,170577,0,1,3
17,170577,0,2,3
17,170580,0,1,8
17,170583,0,1,3
17,170588,0,1,14
17,170595,0,1,5
17,170599,0,1,5
17,170601,0,1,8
17,170605,0,1,15
17,170605,0,2,14
17,170608,0,1,8
17,170611,0,1,3
17,170611,0,2,3
17,170625,0,1,3
17,170635,0,1,3
17,170643,0,1,3
17,170644,0,1,8
17,170645,0,1,3
17,170646,0,1,8
17,170650,0,1,3
17,170653,0,1,3
17,170653,0,2,3
17,170653,0,3,3
17,170660,0,1,3
17,170671,0,1,3
17,170675,0,1,3
17,170676,0,1,8
17,170678,0,1,6
17,170678,0,2,6
17,170679,0,1,3
17,170680,0,1,3
17,170682,0,1,12
17,170683,0,1,4
17,170683,0,1,5
17,170686,0,1,5
17,170691,0,1,3
17,170692,0,1,5
17,170712,0,1,8
17,170724,0,1,3
17,170725,0,1,9
17,170725,0,1,12
17,170726,0,1,6
17,170729,0,1,3
17,170729,0,2,3
17,170733,0,1,5
17,170736,0,1,3
17,170744,0,1,3
17,170751,0,1,3
17,170760,0,1,3
17,170766,0,1,2
17,170777,0,1,3
17,170780,0,1,3
17,170781,0,1,3
17,170784,0,1,3
17,170793,0,1,9
17,170793,0,1,12
17,170796,0,1,3
17,170800,0,1,5
17,170802,0,1,3
17,170803,0,1,99
17,170805,0,1,5
17,170806,0,1,3
17,170808,0,1,3
17,170810,0,1,8
17,170810,0,1,3
17,170811,0,1,3
17,170812,0,1,2
17,170814,0,1,8
17,170815,0,1,3
17,170823,0,1,3
17,170825,0,1,3
17,170833,0,1,8
17,170836,0,1,14
17,170836,0,2,14
17,170836,0,3,14
17,170837,0,1,8
17,170847,0,1,3
17,170851,0,1,5
17,170855,0,1,3
17,170865,0,1,5
17,170868,0,1,3
17,170870,0,1,3
17,170871,0,1,3
18,180015,0,1,3
18,180018,0,1,3
18,180022,0,1,5
18,180047,0,1,3
18,180054,0,1,8
18,180056,0,1,5
18,180059,0,1,3
18,180084,0,1,5
18,180090,0,1,3
18,180098,0,1,99
18,180104,0,1,8
18,180114,0,1,8
18,180114,0,1,5
18,180121,0,1,8
18,180141,0,1,3
18,180159,0,1,3
18,180160,0,1,8
18,180166,0,1,3
18,180176,0,1,8
18,180190,0,1,8
18,180191,0,1,5
18,180191,0,2,5
18,180217,0,1,5
18,180217,0,2,5
18,180221,0,1,5
18,180228,0,1,15
18,180247,0,1,3
18,180253,0,1,3
18,180255,0,1,8
18,180262,0,1,8
18,180268,0,1,3
18,180270,0,1,9
18,180283,0,1,5
18,180295,0,1,15
18,180295,0,2,15
18,180300,0,1,3
18,180301,0,1,3
18,180305,0,1,3
18,180328,0,1,5
18,180329,0,1,5
18,180352,0,1,3
18,180379,0,1,4
18,180379,0,1,5
18,180380,0,1,5
18,180392,0,1,3
18,180404,0,1,14
18,180439,0,1,8
18,180456,0,1,3
18,180456,0,2,3
18,180456,0,3,3
18,180456,0,4,3
18,180456,0,5,3
18,180456,0,6,3
18,180466,0,1,12
18,180468,0,1,3
18,180486,0,1,3
18,180501,0,1,12
18,180501,0,2,12
18,180501,0,3,12
18,180511,0,1,5
18,180511,0,2,5
18,180521,0,1,3
18,180521,0,2,3
18,180529,0,1,12
18,180534,0,1,8
18,180556,0,1,5
18,180564,0,1,8
18,180578,0,1,3
18,180581,0,1,3
18,180588,0,1,5
18,180593,0,1,7
18,180596,0,1,3
18,180601,0,1,3
18,180605,0,1,8
18,180606,0,1,5
18,180611,0,1,8
18,180612,0,1,8
18,180618,0,1,3
18,180619,0,1,3
18,180621,0,1,3
18,180624,0,1,3
18,180629,0,1,8
18,180631,0,1,5
18,180633,0,1,3
18,180648,0,1,5
18,180649,0,1,3
18,180655,0,1,3
18,180658,0,1,3
18,180670,0,1,3
18,180671,0,1,3
18,180671,0,2,3
18,180684,0,1,3
18,180686,0,1,3
18,180689,0,1,3
18,180690,0,1,98
18,180693,0,1,7
18,180701,0,1,3
18,180706,0,1,8
19,190007,0,1,8
19,190012,0,1,99
19,190017,0,1,14
19,190025,0,1,8
19,190033,0,1,3
19,190047,0,1,9
19,190059,0,1,3
19,190092,0,1,3
19,190109,0,1,3
19,190118,0,1,5
19,190171,0,1,5
19,190180,0,1,5
19,190213,0,1,12
19,190213,0,2,12
19,190213,0,3,12
19,190214,0,1,8
19,190215,0,1,3
19,190219,0,1,5
19,190221,0,1,12
19,190233,0,1,99
19,190249,0,1,5
19,190251,0,1,5
19,190263,0,1,5
19,190271,0,1,3
19,190282,0,1,5
19,190283,0,1,5
19,190285,0,1,12
19,190307,0,1,7
19,190308,0,1,3
19,190314,0,1,3
19,190323,0,1,7
20,200010,0,1,5
20,200010,0,1,8
20,200042,0,1,3
20,200051,0,1,2
20,200060,0,1,5
20,200060,0,1,8
20,200063,0,1,12
20,200063,0,1,8
20,200063,0,2,8
20,200063,0,2,12
20,200080,0,1,8
20,200114,0,1,8
20,200159,0,1,14
20,200164,0,1,12
20,200164,0,2,12
20,200164,0,3,12
20,200165,0,1,5
20,200165,0,1,8
20,200244,0,1,8
20,200254,0,1,8
20,200280,0,1,11
20,200281,0,1,11
20,200315,0,1,3
20,200355,0,1,8
20,200360,0,1,5
21,210004,0,1,12
21,210024,0,1,8
21,210024,0,1,12
21,210025,0,1,12
21,210026,0,1,5
21,210044,0,1,3
21,210047,0,1,3
21,210049,0,1,3
21,210055,0,1,8
21,210055,0,1,10
21,210055,0,1,12
21,210060,0,1,12
21,210069,0,1,3
21,210075,0,1,3
21,210097,0,1,5
21,210099,0,1,3
21,210106,0,1,3
21,210116,0,1,8
21,210142,0,1,3
21,210146,0,1,8
21,210153,0,1,12
21,210159,0,1,7
21,210171,0,1,5
21,210181,0,1,3
21,210187,0,1,3
21,210187,0,1,12
21,210192,0,1,5
21,210195,0,1,12
21,210199,0,1,3
21,210208,0,1,5
21,210273,0,1,6
21,210281,0,1,12
21,210289,0,1,3
21,210315,0,1,5
21,210315,0,2,5
21,210315,0,3,5
21,210315,0,4,5
21,210332,0,1,3
21,210365,0,1,8
21,210365,0,1,14
21,210399,0,1,15
21,210419,0,1,5
21,210438,0,1,3
21,210454,0,1,9
21,210454,0,1,5
21,210467,0,1,5
21,210467,0,2,5
21,210467,0,3,5
21,210482,0,1,3
21,210491,0,1,5
21,210491,0,2,5
21,210498,0,1,5
21,210504,0,1,8
21,210550,0,1,3
21,210553,0,1,3
21,210554,0,1,3
21,210556,0,1,8
21,210569,0,1,3
21,210577,0,1,3
21,210579,0,1,99
21,210587,0,1,5
21,210597,0,1,98
21,210600,0,1,8
21,210607,0,1,3
21,210611,0,1,3
21,210612,0,1,3
21,210620,0,1,3
21,210647,0,1,3
21,210664,0,1,3
21,210664,0,1,12
22,220002,0,1,12
22,220004,0,1,8
22,220007,0,1,99
22,220011,0,1,5
22,220020,0,1,3
22,220055,0,1,5
22,220059,0,1,5
22,220061,0,1,8
22,220064,0,1,3
22,220069,0,1,3
22,220074,0,1,3
22,220080,0,1,6
22,220085,0,1,6
22,220087,0,1,8
22,220097,0,1,3
22,220098,0,1,11
22,220102,0,1,3
22,220106,0,1,99
22,220118,0,1,3
22,220119,0,1,3
22,220125,0,1,5
22,220128,0,1,3
22,220136,0,1,99
22,220138,0,1,8
22,220141,0,1,14
22,220147,0,1,12
22,220154,0,1,9
22,220155,0,1,3
22,220169,0,1,3
22,220178,0,1,11
22,220182,0,1,99
22,220195,0,1,99
22,220197,0,1,9
22,220217,0,1,3
22,220240,0,1,3
22,220244,0,1,8
22,220259,0,1,3
22,220273,0,1,3
22,220279,0,1,3
22,220281,0,1,6
22,220295,0,1,3
22,220302,0,1,7
22,220303,0,1,3
22,220338,0,1,2
22,220342,0,1,3
22,220349,0,1,6
22,220357,0,1,6
22,220360,0,1,3
22,220362,0,1,8
22,220366,0,1,14
22,220380,0,1,5
22,220381,0,1,12
22,220381,0,2,12
22,220385,0,1,12
22,220389,0,1,8
22,220390,0,1,3
22,220405,0,1,5
22,220407,0,1,8
22,220408,0,1,14
22,220412,0,1,12
22,220413,0,1,3
22,220415,0,1,14
22,220419,0,1,3
22,220423,0,1,5
22,220424,0,1,3
22,220425,0,1,99
22,220427,0,1,5
22,220434,0,1,5
22,220436,0,1,5
22,220445,0,1,6
22,220448,0,1,8
22,220450,0,1,3
22,220457,0,1,3
22,220458,0,1,5
22,220459,0,1,6
22,220463,0,1,14
22,220466,0,1,3
22,220468,0,1,3
22,220472,0,1,98
22,220473,0,1,3
22,220474,0,1,5
22,220483,0,1,99
22,220484,0,1,3
22,220487,0,1,6
22,220492,0,1,99
22,220513,0,1,3
22,220519,0,1,5
22,220522,0,1,3
22,220523,0,1,5
22,220529,0,1,3
22,220531,0,1,3
22,220532,0,1,3
22,220533,0,1,2
22,220536,0,1,3
22,220559,0,1,99
22,220561,0,1,3
22,220565,0,1,3
22,220568,0,1,8
22,220577,0,1,8
22,220582,0,1,3
22,220583,0,1,14
22,220585,0,1,9
22,220588,0,1,8
22,220588,0,2,8
22,220605,0,1,9
22,220607,0,1,6
22,220612,0,1,3
22,220613,0,1,7
22,220619,0,1,99
22,220621,0,1,3
22,220629,0,1,6
22,220634,0,1,8
22,220635,0,1,3
22,220635,0,2,3
23,230005,0,1,9
23,230025,0,1,3
23,230032,0,1,3
23,230036,0,1,3
23,230044,0,1,3
23,230046,0,1,14
23,230056,0,1,8
23,230065,0,1,8
23,230075,0,1,15
23,230109,0,1,5
23,230123,0,1,99
24,240008,0,1,3
24,240015,0,1,3
24,240016,0,1,3
24,240021,0,1,3
24,240024,0,1,12
24,240028,0,1,99
24,240029,0,1,5
24,240031,0,1,3
24,240038,0,1,12
24,240038,0,1,3
24,240040,0,1,3
24,240041,0,1,3
24,240042,0,1,98
24,240048,0,1,6
24,240056,0,1,3
24,240062,0,1,3
24,240063,0,1,8
24,240074,0,1,9
24,240078,0,1,5
24,240084,0,1,8
24,240089,0,1,11
24,240091,0,1,5
24,240095,0,1,3
24,240099,0,1,3
24,240106,0,1,3
24,240110,0,1,8
24,240120,0,1,3
24,240124,0,1,3
24,240126,0,1,3
24,240126,0,2,3
24,240134,0,1,3
24,240151,0,1,8
24,240155,0,1,8
24,240156,0,1,3
24,240165,0,1,4
24,240165,0,1,3
24,240169,0,1,3
24,240170,0,1,98
24,240175,0,1,3
24,240180,0,1,99
24,240183,0,1,9
24,240183,0,1,12
24,240184,0,1,3
24,240184,0,2,3
24,240189,0,1,3
24,240189,0,2,3
24,240194,0,1,8
24,240195,0,1,3
24,240197,0,1,5
24,240198,0,1,3
24,240199,0,1,3
24,240206,0,1,98
24,240227,0,1,3
24,240228,0,1,3
24,240233,0,1,3
24,240233,0,2,3
24,240234,0,1,3
24,240235,0,1,3
24,240240,0,1,8
24,240246,0,1,12
24,240249,0,1,3
24,240251,0,1,8
24,240252,0,1,98
24,240256,0,1,8
24,240264,0,1,3
24,240266,0,1,9
24,240269,0,1,14
24,240274,0,1,98
24,240275,0,1,3
24,240290,0,1,5
24,240293,0,1,3
24,240295,0,1,3
24,240296,0,1,3
24,240298,0,1,12
24,240298,0,2,12
24,240301,0,1,3
24,240304,0,1,5
24,240310,0,1,3
24,240311,0,1,98
24,240312,0,1,3
24,240313,0,1,3
24,240319,0,1,5
24,240326,0,1,3
24,240328,0,1,8
24,240330,0,1,3
24,240333,0,1,8
24,240338,0,1,9
24,240343,0,1,3
24,240343,0,2,3
24,240346,0,1,1
24,240349,0,1,3
24,240349,0,2,3
24,240349,0,3,3
24,240353,0,1,3
24,240354,0,1,3
24,240357,0,1,5
24,240358,0,1,9
24,240359,0,1,3
24,240371,0,1,3
24,240375,0,1,14
24,240375,0,2,14
24,240375,0,3,14
24,240375,0,4,14
24,240375,0,5,14
24,240375,0,6,14
24,240379,0,1,12
24,240379,0,1,3
24,240383,0,1,3
24,240385,0,1,3
24,240387,0,1,3
24,240391,0,1,5
24,240395,0,1,6
24,240403,0,1,3
24,240407,0,1,8
24,240414,0,1,8
24,240416,0,1,3
24,240417,0,1,8
24,240421,0,1,8
24,240427,0,1,3
24,240436,0,1,3
24,240443,0,1,3
24,240445,0,1,3
24,240447,0,1,3
24,240453,0,1,7
24,240456,0,1,5
24,240457,0,1,3
25,250004,0,1,6
25,250009,0,1,8
25,250022,0,1,5
25,250026,0,1,12
25,250026,0,1,9
25,250028,0,1,3
25,250031,0,1,3
25,250047,0,1,99
25,250064,0,1,14
25,250064,0,2,14
25,250065,0,1,3
25,250074,0,1,3
25,250077,0,1,3
25,250081,0,1,7
25,250088,0,1,3
25,250089,0,1,3
25,250099,0,1,3
25,250100,0,1,3
25,250103,0,1,2
25,250105,0,1,5
25,250107,0,1,8
25,250111,0,1,3
25,250112,0,1,8
25,250112,0,1,5
25,250115,0,1,3
25,250119,0,1,3
25,250122,0,1,12
25,250122,0,1,8
25,250124,0,1,3
25,250131,0,1,99
25,250137,0,1,3
25,250145,0,1,14
25,250155,0,1,3
25,250161,0,1,8
25,250168,0,1,3
25,250169,0,1,3
25,250174,0,1,3
25,250181,0,1,3
25,250189,0,1,99
25,250199,0,1,3
25,250221,0,1,3
25,250223,0,1,6
25,250225,0,1,98
25,250226,0,1,14
25,250233,0,1,8
25,250247,0,1,3
25,250248,0,1,3
25,250249,0,1,6
25,250250,0,1,3
25,250250,0,2,3
25,250252,0,1,3
25,250253,0,1,3
25,250255,0,1,6
25,250258,0,1,98
25,250269,0,1,3
25,250269,0,1,14
25,250272,0,1,3
25,250273,0,1,3
25,250273,0,2,3
25,250276,0,1,5
25,250277,0,1,3
25,250278,0,1,11
25,250278,0,1,14
25,250284,0,1,3
25,250302,0,1,9
25,250302,0,1,12
25,250305,0,1,8
25,250312,0,1,3
25,250318,0,1,98
25,250320,0,1,3
25,250329,0,1,3
25,250335,0,1,6
25,250344,0,1,14
25,250346,0,1,12
25,250348,0,1,5
25,250354,0,1,3
25,250355,0,1,3
25,250358,0,1,3
25,250363,0,1,3
25,250369,0,1,3
25,250370,0,1,3
25,250374,0,1,12
25,250376,0,1,99
25,250379,0,1,3
25,250382,0,1,8
25,250384,0,1,3
26,260001,0,1,98
26,260008,0,1,99
26,260010,0,1,3
26,260024,0,1,8
26,260035,0,1,8
26,260036,0,1,8
26,260064,0,1,12
26,260065,0,1,12
26,260065,0,1,3
26,260079,0,1,99
26,260080,0,1,12
26,260091,0,1,5
26,260091,0,2,5
26,260105,0,1,12
26,260105,0,2,12
26,260106,0,1,12
26,260116,0,1,3
26,260117,0,1,5
26,260118,0,1,5
26,260130,0,1,8
26,260130,0,2,8
26,260143,0,1,5
26,260150,0,1,5
26,260151,0,1,99
26,260155,0,1,3
26,260157,0,1,8
26,260161,0,1,12
26,260175,0,1,3
26,260190,0,1,5
26,260193,0,1,12
26,260199,0,1,3
26,260200,0,1,5
26,260203,0,1,5
26,260206,0,1,5
26,260206,0,2,5
26,260215,0,1,5
26,260217,0,1,3
26,260224,0,1,8
26,260228,0,1,3
26,260229,0,1,3
26,260248,0,1,8
26,260262,0,1,3
26,260271,0,1,3
26,260283,0,1,12
26,260283,0,2,12
26,260289,0,1,3
26,260302,0,1,3
26,260309,0,1,5
26,260309,0,2,5
26,260323,0,1,5
26,260324,0,1,6
26,260334,0,1,3
26,260340,0,1,3
26,260347,0,1,14
26,260357,0,1,3
26,260360,0,1,8
26,260362,0,1,8
26,260364,0,1,3
26,260366,0,1,3
26,260367,0,1,3
26,260374,0,1,5
26,260379,0,1,99
26,260382,0,1,8
26,260384,0,1,5
26,260389,0,1,3
26,260393,0,1,5
26,260407,0,1,3
26,260411,0,1,5
26,260415,0,1,5
26,260418,0,1,14
26,260418,0,2,14
26,260429,0,1,14
26,260430,0,1,3
26,260439,0,1,3
26,260445,0,1,3
26,260468,0,1,3
26,260470,0,1,9
26,260470,0,1,12
26,260470,0,2,5
26,260470,0,2,12
26,260473,0,1,3
26,260478,0,1,5
26,260482,0,1,8
26,260492,0,1,3
26,260495,0,1,3
26,260511,0,1,5
26,260513,0,1,3
26,260515,0,1,5
26,260517,0,1,3
26,260518,0,1,3
26,260519,0,1,3
26,260520,0,1,12
26,260535,0,1,6
26,260541,0,1,6
26,260547,0,1,3
26,260548,0,1,3
26,260552,0,1,5
26,260557,0,1,3
26,260564,0,1,3
26,260565,0,1,3
26,260569,0,1,3
26,260572,0,1,99
26,260572,0,2,99
26,260573,0,1,5
26,260581,0,1,3
26,260583,0,1,8
26,260584,0,1,14
26,260586,0,1,3
26,260587,0,1,3
26,260588,0,1,3
26,260591,0,1,99
26,260592,0,1,14
26,260595,0,1,3
26,260597,0,1,8
26,260604,0,1,3
26,260609,0,1,5
26,260626,0,1,3
26,260628,0,1,8
26,260630,0,1,6
26,260631,0,1,3
26,260640,0,1,7
26,260643,0,1,6
26,260648,0,1,8
26,260651,0,1,5
26,260654,0,1,5
26,260655,0,1,3
26,260656,0,1,3
26,260665,0,1,3
26,260666,0,1,3
26,260668,0,1,3
26,260671,0,1,5
26,260671,0,2,5
26,260673,0,1,3
26,260678,0,1,98
26,260680,0,1,5
26,260684,0,1,8
26,260686,0,1,8
26,260692,0,1,3
26,260701,0,1,3
26,260715,0,1,3
26,260720,0,1,8
26,260730,0,1,3
26,260731,0,1,3
26,260732,0,1,14
26,260733,0,1,3
26,260739,0,1,14
26,260740,0,1,3
26,260741,0,1,8
26,260744,0,1,5
26,260745,0,1,5
26,260746,0,1,8
26,260747,0,1,3
26,260748,0,1,3
26,260749,0,1,3
26,260754,0,1,3
26,260765,0,1,5
26,260767,0,1,11
26,260773,0,1,3
26,260776,0,1,5
26,260778,0,1,3
26,260780,0,1,12
26,260783,0,1,3
26,260785,0,1,3
26,260797,0,1,3
26,260813,0,1,3
26,260816,0,1,5
26,260818,0,1,5
26,260820,0,1,3
26,260821,0,1,3
26,260823,0,1,3
26,260825,0,1,8
26,260829,0,1,3
26,260832,0,1,3
26,260834,0,1,3
26,260836,0,1,98
26,260837,0,1,3
26,260838,0,1,8
26,260838,0,2,8
26,260839,0,1,3
26,260840,0,1,3
26,260842,0,1,3
27,270005,0,1,9
27,270005,0,1,12
27,270016,0,1,99
27,270022,0,1,5
27,270028,0,1,3
27,270039,0,1,3
27,270043,0,1,3
27,270064,0,1,3
27,270065,0,1,3
27,270065,0,1,5
27,270068,0,1,5
27,270115,0,1,3
27,270115,0,1,4
27,270123,0,1,8
27,270137,0,1,12
27,270149,0,1,98
27,270158,0,1,99
27,270159,0,1,8
27,270161,0,1,3
27,270163,0,1,3
27,270163,0,2,3
27,270171,0,1,98
27,270199,0,1,3
27,270204,0,1,3
27,270212,0,1,3
27,270212,0,1,12
27,270214,0,1,15
27,270214,0,2,15
27,270218,0,1,99
27,270220,0,1,8
27,270221,0,1,3
27,270223,0,1,9
27,270223,0,1,12
27,270230,0,1,3
27,270251,0,1,3
27,270256,0,1,9
27,270256,0,1,10
27,270256,0,2,9
27,270256,0,2,10
27,270262,0,1,3
27,270272,0,1,3
27,270276,0,1,3
27,270280,0,1,3
27,270281,0,1,3
27,270281,0,1,8
27,270289,0,1,3
27,270303,0,1,8
27,270306,0,1,3
27,270319,0,1,3
27,270322,0,1,12
27,270322,0,1,8
27,270322,0,2,8
27,270322,0,2,12
27,270322,0,3,8
27,270322,0,3,12
27,270325,0,1,98
27,270328,0,1,8
27,270333,0,1,3
27,270335,0,1,5
27,270343,0,1,12
27,270344,0,1,3
27,270344,0,1,12
28,280011,0,1,8
28,280037,0,1,9
28,280037,0,1,5
28,280060,0,1,8
28,280062,0,1,8
28,280063,0,1,3
28,280071,0,1,3
28,280079,0,1,98
28,280083,0,1,3
28,280085,0,1,8
28,280100,0,1,8
28,280118,0,1,8
28,280127,0,1,98
28,280139,0,1,3
28,280157,0,1,3
28,280164,0,1,3
28,280165,0,1,8
28,280167,0,1,3
28,280186,0,1,3
28,280187,0,1,3
28,280219,0,1,8
28,280229,0,1,8
28,280253,0,1,3
28,280258,0,1,3
28,280291,0,1,3
28,280303,0,1,3
28,280306,0,1,98
28,280319,0,1,8
28,280327,0,1,8
28,280352,0,1,8
28,280357,0,1,3
28,280361,0,1,9
28,280373,0,1,8
28,280386,0,1,8
28,280402,0,1,8
28,280423,0,1,8
28,280425,0,1,8
28,280427,0,1,9
28,280434,0,1,8
28,280440,0,1,8
28,280449,0,1,3
28,280451,0,1,3
28,280458,0,1,8
28,280460,0,1,8
28,280461,0,1,8
28,280470,0,1,8
28,280484,0,1,3
28,280497,0,1,3
28,280505,0,1,3
28,280513,0,1,8
28,280516,0,1,8
28,280518,0,1,3
28,280537,0,1,3
28,280546,0,1,5
28,280560,0,1,8
29,290018,0,1,3
29,290027,0,1,2
29,290027,0,2,2
29,290031,0,1,3
29,290031,0,1,12
29,290033,0,1,2
29,290038,0,1,3
29,290041,0,1,3
29,290046,0,1,5
29,290046,0,2,5
29,290047,0,1,6
29,290057,0,1,5
29,290068,0,1,1
29,290077,0,1,3
29,290079,0,1,3
29,290089,0,1,12
29,290094,0,1,14
29,290103,0,1,8
29,290105,0,1,3
29,290106,0,1,3
29,290108,0,1,98
29,290112,0,1,3
29,290114,0,1,3
29,290117,0,1,3
29,290122,0,1,8
29,290142,0,1,3
29,290143,0,1,3
29,290163,0,1,12
29,290195,0,1,8
29,290197,0,1,3
29,290208,0,1,3
29,290214,0,1,3
29,290234,0,1,3
29,290251,0,1,15
29,290259,0,1,8
29,290278,0,1,8
29,290296,0,1,3
29,290302,0,1,5
29,290308,0,1,8
29,290318,0,1,3
29,290323,0,1,3
29,290334,0,1,11
29,290338,0,1,3
29,290339,0,1,3
29,290342,0,1,3
29,290349,0,1,3
29,290374,0,1,12
29,290374,0,2,12
29,290381,0,1,8
29,290385,0,1,3
29,290428,0,1,2
29,290428,0,1,14
29,290435,0,1,5
29,290435,0,1,4
29,290438,0,1,3
29,290451,0,1,8
29,290462,0,1,3
29,290488,0,1,3
29,290498,0,1,3
29,290508,0,1,5
29,290508,0,2,5
29,290512,0,1,3
29,290520,0,1,3
29,290521,0,1,3
29,290526,0,1,9
29,290538,0,1,6
29,290546,0,1,5
29,290574,0,1,3
29,290574,0,1,8
29,290585,0,1,8
29,290612,0,1,3
29,290630,0,1,3
29,290638,0,1,5
29,290651,0,1,3
29,290656,0,1,99
29,290678,0,1,3
29,290684,0,1,99
29,290691,0,1,3
29,290704,0,1,3
29,290704,0,2,3
29,290705,0,1,3
29,290707,0,1,8
29,290707,0,1,12
29,290708,0,1,3
29,290721,0,1,3
30,300016,0,1,3
30,300068,0,1,5
30,300105,0,1,14
30,300124,0,1,5
30,300127,0,1,14
30,300127,0,2,14
30,300127,0,3,14
30,300127,0,4,14
30,300127,0,5,14
30,300132,0,1,3
30,300145,0,1,3
30,300153,0,1,3
30,300168,0,1,3
30,300170,0,1,5
30,300174,0,1,12
30,300177,0,1,3
30,300177,0,2,3
30,300186,0,1,99
30,300187,0,1,3
31,310043,0,1,3
31,310052,0,1,8
31,310056,0,1,2
31,310066,0,1,5
31,310066,0,2,5
31,310107,0,1,6
31,310117,0,1,3
31,310130,0,1,3
31,310135,0,1,8
31,310153,0,1,99
32,320001,0,1,3
32,320009,0,1,3
32,320010,0,1,7
32,320012,0,1,3
32,320017,0,1,3
32,320028,0,1,5
32,320034,0,1,3
32,320044,0,1,8
32,320047,0,1,3
32,320065,0,1,3
32,320073,0,1,3
32,320074,0,1,8
32,320075,0,1,3
32,320083,0,1,3
32,320098,0,1,12
32,320098,0,1,9
32,320101,0,1,5
32,320103,0,1,3
32,320111,0,1,3
32,320114,0,1,3
32,320125,0,1,3
32,320125,0,2,3
32,320130,0,1,3
32,320131,0,1,7
32,320133,0,1,3
32,320139,0,1,8
32,320140,0,1,12
32,320143,0,1,3
32,320146,0,1,3
32,320148,0,1,3
32,320152,0,1,5
32,320154,0,1,3
32,320155,0,1,3
32,320164,0,1,99
32,320166,0,1,3
32,320175,0,1,3
32,320176,0,1,9
32,320176,0,1,12
32,320181,0,1,3
32,320181,0,2,3
32,320181,0,3,3
32,320183,0,1,3
32,320184,0,1,3
32,320185,0,1,3
32,320187,0,1,8
32,320187,0,1,5
32,320189,0,1,3
32,320190,0,1,3
32,320191,0,1,3
32,320193,0,1,15
32,320193,0,2,15
32,320193,0,3,15
32,320193,0,4,15
32,320193,0,5,15
32,320213,0,1,3
32,320213,0,2,3
32,320215,0,1,8
32,320217,0,1,3
32,320218,0,1,3
32,320219,0,1,3
32,320222,0,1,3
32,320222,0,2,3
32,320223,0,1,3
32,320224,0,1,3
33,330014,0,1,3
33,330023,0,1,3
33,330037,0,1,5
33,330037,0,2,5
33,330050,0,1,5
33,330058,0,1,3
33,330072,0,1,2
33,330074,0,1,3
33,330078,0,1,3
33,330080,0,1,6
34,340005,0,1,99
34,340005,0,2,99
34,340008,0,1,5
34,340009,0,1,14
34,340010,0,1,6
34,340011,0,1,5
34,340018,0,1,3
34,340019,0,1,3
34,340020,0,1,3
34,340028,0,1,3
34,340032,0,1,5
34,340035,0,1,3
34,340040,0,1,3
34,340042,0,1,3
34,340043,0,1,3
34,340044,0,1,3
34,340048,0,1,11
34,340052,0,1,8
34,340055,0,1,3
34,340067,0,1,3
34,340069,0,1,8
34,340072,0,1,3
34,340073,0,1,3
34,340074,0,1,3
34,340075,0,1,5
34,340079,0,1,12
34,340085,0,1,99
34,340086,0,1,8
34,340086,0,1,12
34,340088,0,1,3
34,340098,0,1,3
34,340099,0,1,3
34,340105,0,1,3
34,340112,0,1,3
34,340115,0,1,7
34,340115,0,2,7
34,340115,0,3,7
34,340123,0,1,3
34,340128,0,1,3
34,340135,0,1,8
34,340139,0,1,3
34,340146,0,1,3
34,340154,0,1,6
34,340161,0,1,3
34,340162,0,1,3
34,340164,0,1,3
34,340168,0,1,3
34,340169,0,1,3
34,340170,0,1,3
34,340171,0,1,3
34,340173,0,1,3
34,340192,0,1,5
34,340194,0,1,3
34,340199,0,1,3
34,340200,0,1,5
34,340202,0,1,3
34,340207,0,1,99
34,340210,0,1,14
34,340217,0,1,3
34,340217,0,2,3
34,340218,0,1,3
34,340224,0,1,99
34,340229,0,1,3
34,340231,0,1,7
34,340240,0,1,8
34,340241,0,1,14
34,340244,0,1,7
34,340244,0,2,7
34,340250,0,1,3
34,340263,0,1,3
34,340273,0,1,3
34,340277,0,1,3
34,340286,0,1,3
34,340289,0,1,3
34,340291,0,1,12
34,340291,0,2,12
34,340294,0,1,3
34,340304,0,1,3
34,340306,0,1,5
34,340313,0,1,8
34,340317,0,1,7
34,340318,0,1,3
34,340319,0,1,3
34,340322,0,1,3
34,340326,0,1,3
34,340330,0,1,7
34,340343,0,1,7
34,340344,0,1,5
34,340348,0,1,3
34,340351,0,1,3
34,340358,0,1,7
34,340360,0,1,99
34,340362,0,1,3
34,340364,0,1,3
34,340374,0,1,3
34,340375,0,1,3
34,340376,0,1,5
34,340377,0,1,3
34,340382,0,1,8
34,340382,0,2,98
34,340391,0,1,3
34,340392,0,1,8
34,340395,0,1,99
34,340402,0,1,3
34,340407,0,1,3
34,340419,0,1,9
34,340430,0,1,3
34,340435,0,1,99
34,340439,0,1,3
34,340441,0,1,99
34,340442,0,1,9
34,340444,0,1,7
34,340452,0,1,8
34,340453,0,1,3
34,340455,0,1,3
34,340456,0,1,8
34,340456,0,1,12
34,340458,0,1,9
34,340469,0,1,9
34,340469,0,1,12
34,340469,0,2,9
34,340469,0,2,12
34,340471,0,1,3
34,340474,0,1,3
34,340476,0,1,3
34,340478,0,1,3
34,340481,0,1,3
34,340483,0,1,3
34,340486,0,1,98
34,340488,0,1,3
34,340490,0,1,3
34,340490,0,1,12
34,340491,0,1,3
34,340492,0,1,3
34,340494,0,1,99
34,340495,0,1,3
34,340502,0,1,14
34,340502,0,2,14
34,340502,0,3,14
34,340503,0,1,3
34,340506,0,1,3
34,340506,0,2,3
34,340512,0,1,3
34,340514,0,1,3
34,340516,0,1,3
34,340523,0,1,3
34,340531,0,1,3
34,340533,0,1,3
34,340534,0,1,3
34,340538,0,1,9
34,340538,0,1,12
34,340545,0,1,3
34,340552,0,1,3
34,340553,0,1,3
34,340555,0,1,3
34,340560,0,1,9
34,340560,0,2,9
34,340562,0,1,3
34,340565,0,1,3
34,340566,0,1,99
34,340572,0,1,11
34,340572,0,1,12
34,340573,0,1,3
34,340577,0,1,3
34,340579,0,1,8
34,340581,0,1,8
34,340581,0,1,12
34,340582,0,1,3
34,340583,0,1,12
34,340583,0,1,11
34,340584,0,1,3
34,340585,0,1,12
34,340586,0,1,8
34,340588,0,1,3
34,340589,0,1,3
34,340590,0,1,3
34,340596,0,1,99
34,340601,0,1,3
34,340606,0,1,3
34,340607,0,1,9
34,340608,0,1,5
35,350003,0,1,9
35,350009,0,1,3
35,350009,0,2,3
35,350019,0,1,9
35,350019,0,1,12
35,350019,0,2,9
35,350019,0,2,12
35,350021,0,1,3
35,350030,0,1,8
35,350032,0,1,14
35,350033,0,1,8
35,350043,0,1,8
35,350058,0,1,3
35,350059,0,1,6
35,350067,0,1,8
35,350077,0,1,12
35,350077,0,1,8
35,350079,0,1,8
35,350097,0,1,8
35,350098,0,1,8
35,350105,0,1,8
35,350119,0,1,8
35,350120,0,1,8
35,350137,0,1,8
35,350140,0,1,8
35,350156,0,1,8
35,350157,0,1,9
35,350172,0,1,12
35,350175,0,1,3
35,350190,0,1,8
35,350200,0,1,3
35,350200,0,2,3
35,350200,0,3,3
35,350213,0,1,3
35,350214,0,1,5
35,350218,0,1,5
35,350241,0,1,3
35,350244,0,1,3
35,350255,0,1,3
35,350259,0,1,3
35,350261,0,1,8
35,350263,0,1,12
35,350263,0,2,12
35,350264,0,1,9
35,350264,0,2,12
35,350265,0,1,12
35,350265,0,2,12
35,350272,0,1,8
35,350285,0,1,9
35,350285,0,1,12
35,350291,0,1,8
35,350292,0,1,14
35,350292,0,2,14
35,350292,0,3,14
35,350293,0,1,3
35,350299,0,1,8
35,350300,0,1,3
36,360002,0,1,8
36,360008,0,1,3
36,360012,0,1,5
36,360017,0,1,3
36,360021,0,1,2
36,360026,0,1,3
36,360031,0,1,3
36,360032,0,1,8
36,360036,0,1,12
36,360036,0,1,8
36,360039,0,1,8
36,360040,0,1,3
36,360042,0,1,3
36,360044,0,1,3
36,360050,0,1,3
36,360056,0,1,5
36,360057,0,1,8
36,360057,0,1,12
36,360066,0,1,3
36,360072,0,1,12
36,360072,0,1,8
36,360073,0,1,12
36,360073,0,1,8
36,360074,0,1,8
36,360081,0,1,3
36,360082,0,1,3
36,360092,0,1,3
36,360093,0,1,3
36,360100,0,1,5
36,360108,0,1,5
36,360117,0,1,3
36,360118,0,1,5
36,360119,0,1,3
36,360124,0,1,3
36,360126,0,1,99
36,360129,0,1,8
36,360137,0,1,3
36,360138,0,1,5
36,360138,0,2,5
36,360140,0,1,3
36,360141,0,1,3
36,360141,0,2,3
36,360143,0,1,6
36,360144,0,1,3
36,360156,0,1,3
36,360157,0,1,3
36,360157,0,2,3
36,360162,0,1,3
36,360166,0,1,3
36,360174,0,1,98
36,360175,0,1,3
36,360177,0,1,15
36,360178,0,1,3
36,360182,0,1,3
36,360183,0,1,3
36,360185,0,1,3
36,360190,0,1,9
36,360190,0,1,12
36,360190,0,2,9
36,360190,0,2,12
36,360192,0,1,2
36,360193,0,1,5
36,360198,0,1,14
36,360204,0,1,3
36,360205,0,1,8
36,360205,0,2,8
36,360208,0,1,3
36,360210,0,1,3
36,360214,0,1,3
36,360223,0,1,3
36,360225,0,1,98
36,360227,0,1,3
36,360229,0,1,3
36,360231,0,1,3
36,360232,0,1,3
36,360233,0,1,8
36,360234,0,1,3
36,360239,0,1,3
36,360243,0,1,8
36,360249,0,1,3
36,360261,0,1,98
36,360264,0,1,3
36,360266,0,1,3
36,360267,0,1,3
36,360273,0,1,8
36,360273,0,1,12
36,360276,0,1,14
36,360276,0,2,14
36,360278,0,1,5
36,360280,0,1,3
36,360282,0,1,5
36,360282,0,1,3
36,360288,0,1,14
36,360290,0,1,7
36,360290,0,2,7
36,360292,0,1,99
36,360293,0,1,12
36,360293,0,1,8
36,360301,0,1,8
36,360302,0,1,5
36,360307,0,1,9
36,360307,0,1,14
36,360317,0,1,3
36,360318,0,1,3
36,360321,0,1,7
36,360333,0,1,2
36,360333,0,1,3
36,360335,0,1,5
36,360337,0,1,3
36,360340,0,1,3
36,360345,0,1,3
36,360346,0,1,5
36,360349,0,1,3
36,360351,0,1,5
36,360352,0,1,5
36,360353,0,1,6
36,360360,0,1,3
36,360362,0,1,98
36,360363,0,1,8
36,360365,0,1,4
36,360365,0,1,5
36,360368,0,1,8
36,360369,0,1,3
36,360372,0,1,8
36,360375,0,1,2
36,360378,0,1,5
36,360379,0,1,3
36,360381,0,1,3
36,360387,0,1,8
36,360391,0,1,3
36,360394,0,1,7
36,360394,0,2,7
36,360398,0,1,3
36,360398,0,2,3
36,360405,0,1,3
36,360406,0,1,7
36,360406,0,2,7
36,360410,0,1,3
36,360413,0,1,3
36,360414,0,1,8
36,360415,0,1,3
36,360416,0,1,3
36,360424,0,1,3
36,360426,0,1,3
36,360426,0,2,3
36,360427,0,1,5
36,360447,0,1,3
36,360449,0,1,3
36,360452,0,1,3
36,360463,0,1,3
36,360467,0,1,8
36,360473,0,1,3
36,360475,0,1,3
36,360479,0,1,9
36,360485,0,1,3
36,360487,0,1,3
36,360502,0,1,3
36,360503,0,1,3
36,360507,0,1,7
36,360507,0,2,7
36,360512,0,1,5
36,360513,0,1,98
36,360514,0,1,7
36,360514,0,2,98
36,360514,0,3,98
36,360514,0,4,98
36,360515,0,1,7
36,360515,0,2,7
36,360515,0,3,7
36,360515,0,4,7
36,360518,0,1,3
36,360519,0,1,3
36,360520,0,1,5
36,360522,0,1,6
36,360524,0,1,3
36,360525,0,1,5
36,360525,0,2,5
36,360530,0,1,3
36,360532,0,1,6
36,360536,0,1,3
36,360539,0,1,8
36,360543,0,1,3
36,360546,0,1,8
36,360551,0,1,3
36,360552,0,1,14
36,360554,0,1,6
36,360557,0,1,8
36,360559,0,1,3
36,360559,0,1,12
36,360559,0,2,3
36,360559,0,2,12
36,360567,0,1,5
36,360579,0,1,14
36,360579,0,2,14
36,360579,0,3,14
36,360592,0,1,3
36,360600,0,1,14
36,360603,0,1,6
36,360604,0,1,3
36,360608,0,1,8
36,360619,0,1,14
36,360621,0,1,5
36,360624,0,1,3
36,360626,0,1,3
36,360628,0,1,3
36,360633,0,1,5
36,360634,0,1,3
36,360642,0,1,3
36,360648,0,1,3
36,360652,0,1,3
36,360654,0,1,3
36,360655,0,1,5
36,360661,0,1,3
36,360666,0,1,3
36,360671,0,1,3
36,360676,0,1,8
36,360677,0,1,8
36,360677,0,1,12
36,360679,0,1,7
36,360683,0,1,3
36,360689,0,1,3
36,360694,0,1,6
36,360697,0,1,8
36,360702,0,1,3
36,360704,0,1,3
36,360705,0,1,3
36,360707,0,1,5
36,360709,0,1,12
36,360711,0,1,5
36,360712,0,1,12
36,360716,0,1,3
36,360721,0,1,3
36,360724,0,1,3
36,360727,0,1,5
36,360729,0,1,3
36,360730,0,1,3
36,360732,0,1,14
36,360732,0,1,6
36,360736,0,1,3
36,360740,0,1,3
36,360741,0,1,3
36,360742,0,1,5
36,360744,0,1,3
36,360746,0,1,8
36,360753,0,1,99
36,360754,0,1,5
36,360755,0,1,3
36,360756,0,1,6
36,360758,0,1,3
36,360759,0,1,5
36,360764,0,1,99
36,360771,0,1,3
36,360775,0,1,3
36,360781,0,1,5
36,360784,0,1,5
36,360790,0,1,3
36,360791,0,1,3
36,360798,0,1,3
36,360799,0,1,3
36,360800,0,1,3
36,360801,0,1,3
36,360805,0,1,3
36,360807,0,1,3
36,360808,0,1,8
36,360808,0,1,12
36,360808,0,2,8
36,360808,0,2,12
36,360810,0,1,3
36,360811,0,1,3
36,360815,0,1,3
36,360816,0,1,9
36,360816,0,1,12
36,360817,0,1,8
36,360820,0,1,3
36,360821,0,1,3
36,360824,0,1,3
36,360825,0,1,3
36,360827,0,1,3
36,360829,0,1,12
36,360829,0,2,12
36,360831,0,1,3
36,360832,0,1,3
36,360834,0,1,3
36,360837,0,1,3
36,360839,0,1,9
36,360839,0,1,12
36,360839,0,2,9
36,360839,0,2,12
36,360839,0,3,9
36,360839,0,3,12
36,360840,0,1,11
36,360844,0,1,3
36,360847,0,1,5
36,360849,0,1,3
36,360851,0,1,5
36,360853,0,1,3
36,360855,0,1,6
36,360856,0,1,5
36,360856,0,2,5
36,360859,0,1,3
36,360860,0,1,8
36,360861,0,1,14
36,360871,0,1,3
36,360871,0,2,3
36,360872,0,1,5
36,360876,0,1,3
36,360877,0,1,3
36,360880,0,1,3
36,360881,0,1,8
36,360882,0,1,8
36,360883,0,1,3
36,360888,0,1,3
36,360892,0,1,5
36,360892,0,2,5
36,360894,0,1,3
36,360895,0,1,3
36,360896,0,1,6
36,360901,0,1,5
36,360902,0,1,5
36,360903,0,1,5
36,360904,0,1,5
36,360906,0,1,3
36,360915,0,1,3
36,360919,0,1,3
36,360920,0,1,9
36,360920,0,1,12
36,360923,0,1,5
36,360924,0,1,3
36,360926,0,1,3
36,360930,0,1,3
36,360932,0,1,5
36,360934,0,1,5
36,360939,0,1,3
36,360943,0,1,3
36,360946,0,1,6
36,360949,0,1,3
36,360951,0,1,3
36,360952,0,1,3
36,360956,0,1,3
36,360965,0,1,3
36,360968,0,1,3
36,360975,0,1,3
36,360976,0,1,3
36,360988,0,1,3
36,360989,0,1,3
36,360990,0,1,3
36,360991,0,1,3
36,360992,0,1,5
36,360993,0,1,5
36,360994,0,1,3
36,360995,0,1,9
36,360995,0,2,9
36,360998,0,1,3
36,361000,0,1,3
36,361003,0,1,3
36,361004,0,1,3
36,361005,0,1,3
36,361008,0,1,3
36,361009,0,1,3
36,361011,0,1,5
36,361012,0,1,3
36,361013,0,1,3
36,361014,0,1,3
36,361015,0,1,3
36,361015,0,2,3
36,361016,0,1,3
36,361017,0,1,3
36,361019,0,1,3
36,361020,0,1,3
36,361023,0,1,3
36,361027,0,1,3
36,361032,0,1,3
36,361033,0,1,3
36,361035,0,1,3
36,361039,0,1,5
36,361041,0,1,3
36,361042,0,1,3
36,361043,0,1,3
36,361044,0,1,9
36,361044,0,1,12
36,361044,0,2,9
36,361044,0,2,12
36,361046,0,1,3
36,361049,0,1,3
36,361052,0,1,3
36,361053,0,1,3
36,361054,0,1,3
36,361055,0,1,3
36,361057,0,1,3
36,361057,0,2,3
36,361060,0,1,3
36,361061,0,1,2
36,361062,0,1,3
36,361063,0,1,3
36,361064,0,1,7
36,361066,0,1,3
36,361068,0,1,3
36,361069,0,1,3
36,361071,0,1,8
36,361072,0,1,3
36,361074,0,1,3
36,361076,0,1,3
36,361078,0,1,3
36,361080,0,1,3
36,361082,0,1,3
36,361083,0,1,3
36,361094,0,1,3
36,361095,0,1,3
37,370007,0,1,5
37,370020,0,1,5
37,370023,0,1,3
37,370026,0,1,99
37,370036,0,1,3
37,370044,0,1,6
37,370054,0,1,5
37,370055,0,1,3
37,370072,0,1,5
37,370074,0,1,12
37,370074,0,2,12
37,370077,0,1,5
37,370100,0,1,5
37,370102,0,1,3
37,370109,0,1,8
37,370112,0,1,8
37,370112,0,2,8
37,370112,0,3,8
37,370114,0,1,3
37,370114,0,2,3
37,370119,0,1,8
37,370126,0,1,5
37,370134,0,1,8
37,370134,0,1,12
37,370136,0,1,14
37,370144,0,1,5
37,370163,0,1,3
37,370165,0,1,8
37,370170,0,1,6
37,370180,0,1,12
37,370180,0,1,8
37,370180,0,2,12
37,370180,0,2,8
37,370180,0,3,8
37,370180,0,3,12
37,370186,0,1,3
37,370191,0,1,6
37,370198,0,1,8
37,370208,0,1,3
37,370212,0,1,5
37,370240,0,1,5
37,370270,0,1,12
37,370271,0,1,8
37,370274,0,1,5
37,370274,0,2,5
37,370284,0,1,8
37,370296,0,1,2
37,370305,0,1,8
37,370307,0,1,8
37,370308,0,1,8
37,370316,0,1,3
37,370321,0,1,3
37,370327,0,1,3
37,370328,0,1,3
37,370338,0,1,8
37,370347,0,1,5
37,370348,0,1,14
37,370353,0,1,6
37,370354,0,1,3
37,370356,0,1,3
37,370375,0,1,5
37,370375,0,2,5
37,370377,0,1,8
37,370384,0,1,8
37,370395,0,1,5
37,370399,0,1,5
37,370416,0,1,15
37,370416,0,2,15
37,370417,0,1,12
37,370435,0,1,3
37,370439,0,1,8
37,370440,0,1,3
37,370477,0,1,8
37,370478,0,1,3
37,370481,0,1,6
37,370484,0,1,2
37,370487,0,1,9
37,370493,0,1,3
37,370503,0,1,3
37,370519,0,1,8
37,370524,0,1,8
37,370528,0,1,8
37,370531,0,1,8
37,370531,0,2,8
37,370532,0,1,12
37,370532,0,2,12
37,370533,0,1,8
37,370537,0,1,6
37,370537,0,2,6
37,370538,0,1,8
37,370538,0,2,8
37,370545,0,1,14
37,370545,0,2,14
37,370548,0,1,3
37,370562,0,1,2
37,370567,0,1,2
37,370575,0,1,5
37,370576,0,1,4
37,370576,0,1,6
37,370576,0,1,3
37,370577,0,1,3
37,370577,0,2,3
37,370578,0,1,9
37,370578,0,1,12
37,370590,0,1,3
37,370603,0,1,5
37,370607,0,1,5
37,370619,0,1,5
37,370624,0,1,3
37,370629,0,1,8
37,370629,0,2,8
37,370641,0,1,3
37,370646,0,1,5
37,370652,0,1,5
37,370661,0,1,8
37,370673,0,1,8
37,370675,0,1,8
37,370683,0,1,2
37,370683,0,1,9
37,370689,0,1,3
37,370696,0,1,9
37,370700,0,1,12
37,370701,0,1,8
37,370706,0,1,8
37,370710,0,1,3
37,370715,0,1,3
37,370716,0,1,5
37,370722,0,1,3
37,370729,0,1,5
37,370738,0,1,8
37,370742,0,1,7
37,370763,0,1,3
37,370776,0,1,3
37,370777,0,1,3
37,370796,0,1,3
37,370800,0,1,5
37,370804,0,1,3
37,370804,0,1,11
37,370811,0,1,6
37,370812,0,1,3
37,370812,0,1,11
37,370815,0,1,3
37,370816,0,1,3
37,370817,0,1,8
37,370818,0,1,11
37,370818,0,1,3
37,370835,0,1,99
37,370859,0,1,6
37,370872,0,1,5
37,370875,0,1,3
37,370884,0,1,8
37,370886,0,1,3
37,370887,0,1,3
37,370889,0,1,3
37,370890,0,1,5
37,370891,0,1,5
37,370911,0,1,9
37,370912,0,1,8
37,370913,0,1,8
37,370924,0,1,6
37,370927,0,1,99
37,370930,0,1,5
37,370931,0,1,3
37,370931,0,2,3
37,370932,0,1,3
37,370934,0,1,3
37,370943,0,1,14
37,370943,0,2,14
37,370943,0,3,14
37,370947,0,1,3
37,370948,0,1,8
37,370948,0,1,12
37,370949,0,1,8
37,370950,0,1,8
37,370951,0,1,8
37,370953,0,1,8
37,370957,0,1,8
37,370960,0,1,3
37,370961,0,1,5
37,370966,0,1,3
37,370977,0,1,98
37,370981,0,1,3
37,370984,0,1,5
37,370999,0,1,6
37,370999,0,2,6
37,371005,0,1,6
37,371006,0,1,5
37,371012,0,1,3
37,371013,0,1,3
37,371014,0,1,3
37,371015,0,1,3
37,371021,0,1,5
37,371023,0,1,3
37,371031,0,1,3
37,371034,0,1,8
37,371038,0,1,5
37,371040,0,1,8
37,371040,0,1,12
37,371043,0,1,5
37,371044,0,1,8
37,371048,0,1,5
37,371051,0,1,3
37,371058,0,1,5
37,371069,0,1,3
37,371073,0,1,5
37,371076,0,1,5
37,371078,0,1,8
37,371078,0,2,8
37,371086,0,1,5
37,371097,0,1,3
37,371104,0,1,8
37,371109,0,1,3
37,371111,0,1,8
37,371113,0,1,3
37,371116,0,1,3
37,371129,0,1,3
37,371131,0,1,8
37,371131,0,1,12
37,371132,0,1,5
37,371134,0,1,3
37,371147,0,1,8
37,371150,0,1,3
38,380025,0,1,3
38,380026,0,1,3
38,380027,0,1,12
38,380036,0,1,8
38,380055,0,1,3
38,380072,0,1,3
38,380080,0,1,3
38,380092,0,1,3
38,380122,0,1,3
38,380126,0,1,5
39,390012,0,1,3
39,390029,0,1,5
39,390034,0,1,6
39,390035,0,1,8
39,390066,0,1,8
39,390070,0,1,3
39,390077,0,1,1
39,390101,0,1,9
39,390107,0,1,3
39,390113,0,1,7
39,390119,0,1,5
39,390123,0,1,8
39,390123,0,2,8
39,390127,0,1,8
39,390128,0,1,3
39,390128,0,1,8
39,390130,0,1,9
39,390132,0,1,3
39,390137,0,1,6
39,390147,0,1,3
39,390149,0,1,3
39,390151,0,1,3
39,390155,0,1,8
39,390156,0,1,3
39,390157,0,1,8
39,390160,0,1,3
39,390183,0,1,3
39,390183,0,2,3
39,390188,0,1,11
39,390188,0,1,12
39,390205,0,1,3
39,390206,0,1,3
39,390212,0,1,8
39,390213,0,1,3
39,390220,0,1,8
39,390223,0,1,3
39,390234,0,1,3
39,390237,0,1,9
39,390256,0,1,5
39,390262,0,1,8
39,390275,0,1,5
39,390313,0,1,3
39,390313,0,2,3
39,390324,0,1,14
39,390328,0,1,9
39,390333,0,1,5
39,390336,0,1,3
39,390341,0,1,3
39,390387,0,1,5
39,390410,0,1,3
39,390429,0,1,3
39,390448,0,1,5
39,390452,0,1,8
39,390470,0,1,3
39,390477,0,1,3
39,390505,0,1,8
39,390516,0,1,3
39,390520,0,1,3
39,390530,0,1,12
39,390530,0,2,12
39,390530,0,3,12
39,390540,0,1,3
39,390547,0,1,8
39,390547,0,2,8
39,390547,0,3,8
39,390547,0,4,8
39,390550,0,1,8
39,390550,0,2,8
39,390552,0,1,7
39,390575,0,1,3
39,390576,0,1,8
39,390582,0,1,3
39,390591,0,1,3
39,390599,0,1,7
39,390602,0,1,3
39,390606,0,1,9
39,390607,0,1,8
39,390609,0,1,3
39,390625,0,1,3
39,390629,0,1,5
39,390639,0,1,3
39,390660,0,1,3
39,390669,0,1,3
39,390670,0,1,3
39,390672,0,1,8
39,390695,0,1,8
39,390697,0,1,3
39,390720,0,1,3
39,390724,0,1,3
39,390730,0,1,8
39,390736,0,1,14
39,390736,0,2,14
39,390740,0,1,3
39,390743,0,1,3
39,390747,0,1,8
39,390749,0,1,8
39,390755,0,1,3
39,390758,0,1,8
39,390762,0,1,5
39,390764,0,1,3
39,390769,0,1,12
39,390771,0,1,3
39,390775,0,1,8
39,390784,0,1,3
39,390798,0,1,3
39,390799,0,1,4
39,390809,0,1,3
39,390820,0,1,14
39,390821,0,1,99
39,390823,0,1,3
39,390826,0,1,3
39,390831,0,1,5
39,390847,0,1,9
39,390852,0,1,8
39,390860,0,1,9
39,390862,0,1,3
39,390863,0,1,3
39,390864,0,1,3
39,390884,0,1,5
39,390898,0,1,9
39,390898,0,1,12
39,390898,0,2,9
39,390898,0,2,12
39,390904,0,1,3
39,390908,0,1,3
39,390909,0,1,8
39,390913,0,1,3
39,390915,0,1,99
39,390920,0,1,5
39,390920,0,2,5
39,390936,0,1,8
39,390943,0,1,3
39,390945,0,1,3
39,390947,0,1,9
39,390950,0,1,8
39,390955,0,1,3
39,390963,0,1,3
39,390966,0,1,3
39,390966,0,2,3
39,390968,0,1,5
39,390969,0,1,3
40,400010,0,1,3
40,400015,0,1,3
40,400026,0,1,5
40,400037,0,1,3
40,400044,0,1,15
40,400044,0,2,15
40,400055,0,1,3
40,400060,0,1,14
40,400067,0,1,3
40,400082,0,1,3
40,400082,0,2,3
40,400085,0,1,8
40,400108,0,1,5
40,400115,0,1,8
40,400120,0,1,3
40,400131,0,1,5
40,400133,0,1,8
40,400139,0,1,3
40,400159,0,1,5
40,400169,0,1,5
40,400190,0,1,5
40,400199,0,1,3
40,400206,0,1,12
40,400206,0,2,12
40,400211,0,1,3
40,400219,0,1,5
40,400226,0,1,8
40,400234,0,1,8
40,400258,0,1,8
40,400281,0,1,5
40,400307,0,1,5
40,400313,0,1,99
40,400315,0,1,6
40,400325,0,1,12
40,400347,0,1,3
40,400370,0,1,5
40,400370,0,2,5
40,400370,0,3,5
40,400370,0,4,5
40,400370,0,5,5
40,400374,0,1,3
40,400383,0,1,3
40,400487,0,1,3
40,400499,0,1,8
40,400518,0,1,5
40,400535,0,1,12
40,400548,0,1,8
40,400549,0,1,3
40,400550,0,1,8
40,400552,0,1,5
40,400564,0,1,5
40,400587,0,1,8
40,400603,0,1,8
40,400606,0,1,8
40,400610,0,1,3
41,410003,0,1,7
41,410003,0,1,5
41,410003,0,2,5
41,410003,0,2,7
41,410004,0,1,3
41,410010,0,1,3
41,410013,0,1,3
41,410014,0,1,9
41,410014,0,2,9
41,410016,0,1,3
41,410023,0,1,3
41,410024,0,1,3
41,410034,0,1,3
41,410036,0,1,14
41,410038,0,1,9
41,410038,0,2,9
41,410038,0,3,9
41,410038,0,4,9
41,410043,0,1,8
41,410045,0,1,3
41,410051,0,1,8
41,410053,0,1,3
41,410057,0,1,8
41,410058,0,1,5
41,410064,0,1,14
41,410070,0,1,3
41,410076,0,1,3
41,410085,0,1,5
41,410099,0,1,6
41,410105,0,1,3
41,410109,0,1,3
41,410118,0,1,5
41,410122,0,1,6
41,410134,0,1,3
41,410137,0,1,98
41,410140,0,1,5
41,410148,0,1,3
41,410164,0,1,3
41,410165,0,1,3
41,410167,0,1,5
41,410167,0,2,5
41,410168,0,1,3
41,410169,0,1,5
41,410171,0,1,5
41,410175,0,1,5
41,410175,0,2,5
41,410178,0,1,3
41,410182,0,1,3
41,410184,0,1,3
41,410189,0,1,5
41,410197,0,1,5
41,410205,0,1,6
41,410218,0,1,98
41,410228,0,1,3
41,410230,0,1,3
41,410233,0,1,3
41,410238,0,1,3
41,410246,0,1,8
41,410252,0,1,5
41,410264,0,1,3
41,410268,0,1,5
41,410274,0,1,3
41,410279,0,1,3
41,410284,0,1,3
41,410286,0,1,3
41,410290,0,1,3
41,410297,0,1,5
41,410300,0,1,3
41,410307,0,1,3
41,410309,0,1,3
41,410311,0,1,8
41,410315,0,1,3
42,420019,0,1,3
42,420028,0,1,8
42,420032,0,1,3
42,420037,0,1,15
42,420039,0,1,3
42,420048,0,1,3
42,420050,0,1,6
42,420062,0,1,3
42,420064,0,1,3
42,420065,0,1,3
42,420074,0,1,3
42,420075,0,1,99
42,420076,0,1,3
42,420077,0,1,3
42,420088,0,1,3
42,420089,0,1,3
42,420094,0,1,98
42,420095,0,1,3
42,420097,0,1,3
42,420100,0,1,3
42,420103,0,1,8
42,420103,0,1,12
42,420115,0,1,8
42,420117,0,1,99
42,420121,0,1,4
42,420125,0,1,99
42,420125,0,2,99
42,420130,0,1,99
42,420132,0,1,3
42,420134,0,1,3
42,420137,0,1,6
42,420147,0,1,5
42,420160,0,1,3
42,420176,0,1,3
42,420178,0,1,3
42,420178,0,2,3
42,420180,0,1,3
42,420183,0,1,8
42,420183,0,2,8
42,420202,0,1,3
42,420208,0,1,12
42,420213,0,1,3
42,420213,0,1,1
42,420219,0,1,7
42,420219,0,2,7
42,420221,0,1,3
42,420227,0,1,15
42,420227,0,2,15
42,420235,0,1,5
42,420241,0,1,15
42,420241,0,2,15
42,420241,0,3,15
42,420246,0,1,3
42,420254,0,1,14
42,420257,0,1,3
42,420257,0,2,3
42,420265,0,1,6
42,420265,0,1,9
42,420272,0,1,3
42,420280,0,1,14
42,420282,0,1,3
42,420286,0,1,3
42,420338,0,1,5
42,420358,0,1,3
42,420364,0,1,3
42,420372,0,1,8
42,420373,0,1,9
42,420378,0,1,3
42,420379,0,1,3
42,420380,0,1,3
42,420382,0,1,3
42,420383,0,1,3
42,420457,0,1,3
42,420461,0,1,99
42,420462,0,1,99
42,420486,0,1,14
42,420487,0,1,3
42,420526,0,1,9
42,420526,0,1,5
42,420530,0,1,9
42,420530,0,1,5
42,420545,0,1,3
42,420547,0,1,3
42,420563,0,1,3
42,420563,0,1,4
42,420587,0,1,12
42,420587,0,1,9
42,420615,0,1,14
42,420615,0,2,14
42,420617,0,1,3
42,420618,0,1,11
42,420620,0,1,3
42,420652,0,1,3
42,420684,0,1,3
42,420685,0,1,8
42,420687,0,1,5
42,420702,0,1,5
42,420702,0,1,9
42,420703,0,1,14
42,420723,0,1,3
42,420724,0,1,9
42,420736,0,1,6
42,420738,0,1,3
42,420743,0,1,3
42,420749,0,1,3
42,420759,0,1,3
42,420761,0,1,3
42,420765,0,1,3
42,420767,0,1,3
42,420768,0,1,3
42,420775,0,1,8
42,420776,0,1,3
42,420779,0,1,14
42,420783,0,1,3
42,420784,0,1,7
42,420784,0,2,7
42,420785,0,1,99
42,420787,0,1,3
42,420788,0,1,3
42,420790,0,1,3
42,420792,0,1,3
42,420795,0,1,3
42,420805,0,1,5
42,420805,0,1,9
42,420806,0,1,3
42,420813,0,1,3
42,420830,0,1,5
42,420834,0,1,3
42,420838,0,1,3
42,420859,0,1,3
42,420866,0,1,99
42,420870,0,1,3
42,420873,0,1,3
42,420873,0,1,12
42,420875,0,1,14
42,420888,0,1,5
42,420889,0,1,3
42,420889,0,2,3
42,420895,0,1,3
42,420898,0,1,5
42,420899,0,1,11
42,420908,0,1,3
42,420917,0,1,3
42,420924,0,1,3
42,420931,0,1,3
42,420943,0,1,3
42,420945,0,1,14
42,420957,0,1,3
42,420959,0,1,6
42,420980,0,1,3
42,420984,0,1,8
42,420989,0,1,11
42,421003,0,1,3
42,421019,0,1,9
42,421019,0,1,12
42,421056,0,1,3
42,421062,0,1,3
42,421063,0,1,3
42,421069,0,1,5
42,421081,0,1,6
42,421083,0,1,3
42,421085,0,1,3
42,421086,0,1,8
42,421086,0,1,12
42,421086,0,2,8
42,421086,0,2,12
42,421087,0,1,3
42,421088,0,1,3
42,421091,0,1,3
42,421126,0,1,3
42,421126,0,2,3
42,421132,0,1,3
42,421154,0,1,8
42,421155,0,1,3
42,421157,0,1,12
42,421157,0,2,12
42,421158,0,1,3
42,421159,0,1,5
42,421161,0,1,3
42,421163,0,1,3
42,421164,0,1,3
42,421164,0,2,3
42,421165,0,1,3
42,421166,0,1,3
42,421167,0,1,3
42,421168,0,1,3
42,421169,0,1,3
42,421169,0,1,4
42,421170,0,1,9
42,421171,0,1,3
42,421172,0,1,3
42,421173,0,1,99
42,421174,0,1,5
42,421174,0,1,14
42,421174,0,1,4
44,440005,0,1,5
44,440011,0,1,3
44,440025,0,1,3
44,440030,0,1,4
44,440030,0,1,7
44,440030,0,2,4
44,440030,0,2,7
44,440037,0,1,3
44,440038,0,1,3
44,440042,0,1,3
44,440047,0,1,3
44,440048,0,1,3
44,440049,0,1,3
44,440056,0,1,3
44,440059,0,1,5
44,440059,0,2,5
44,440060,0,1,8
44,440060,0,1,3
44,440062,0,1,3
45,450006,0,1,8
45,450009,0,1,98
45,450011,0,1,98
45,450011,0,2,98
45,450022,0,1,8
45,450024,0,1,3
45,450029,0,1,8
45,450029,0,2,8
45,450034,0,1,8
45,450036,0,1,3
45,450037,0,1,5
45,450051,0,1,8
45,450053,0,1,8
45,450063,0,1,3
45,450068,0,1,8
45,450073,0,1,3
45,450076,0,1,3
45,450076,0,2,3
45,450081,0,1,8
45,450084,0,1,8
45,450099,0,1,5
45,450102,0,1,3
45,450105,0,1,8
45,450107,0,1,3
45,450112,0,1,3
45,450124,0,1,8
45,450139,0,1,3
45,450151,0,1,8
45,450160,0,1,12
45,450175,0,1,8
45,450184,0,1,3
45,450187,0,1,3
45,450196,0,1,8
45,450205,0,1,8
45,450229,0,1,3
45,450234,0,1,8
45,450248,0,1,12
45,450254,0,1,3
45,450260,0,1,8
45,450263,0,1,3
45,450263,0,2,3
45,450268,0,1,8
45,450269,0,1,9
45,450294,0,1,5
45,450300,0,1,8
45,450322,0,1,8
45,450327,0,1,8
45,450335,0,1,98
45,450338,0,1,9
45,450339,0,1,5
45,450342,0,1,3
45,450344,0,1,5
45,450346,0,1,3
45,450349,0,1,3
45,450355,0,1,14
45,450355,0,2,14
45,450356,0,1,5
45,450358,0,1,12
45,450358,0,2,12
45,450363,0,1,3
45,450370,0,1,3
45,450374,0,1,3
45,450375,0,1,9
45,450386,0,1,3
45,450389,0,1,8
45,450404,0,1,8
45,450405,0,1,12
45,450406,0,1,3
45,450413,0,1,8
45,450414,0,1,8
45,450415,0,1,8
45,450427,0,1,5
45,450448,0,1,5
45,450449,0,1,8
45,450453,0,1,8
45,450455,0,1,8
45,450458,0,1,3
45,450461,0,1,8
45,450469,0,1,8
45,450470,0,1,8
45,450486,0,1,8
45,450493,0,1,12
45,450498,0,1,3
45,450515,0,1,12
45,450517,0,1,12
45,450524,0,1,8
45,450531,0,1,9
45,450535,0,1,8
45,450539,0,1,3
45,450543,0,1,3
45,450544,0,1,8
45,450545,0,1,8
45,450549,0,1,12
45,450551,0,1,8
45,450553,0,1,12
45,450553,0,2,12
45,450554,0,1,8
45,450573,0,1,3
45,450580,0,1,3
45,450584,0,1,3
45,450586,0,1,3
45,450591,0,1,8
45,450599,0,1,3
45,450606,0,1,12
45,450606,0,2,12
45,450606,0,3,12
45,450610,0,1,5
45,450612,0,1,3
45,450619,0,1,8
45,450627,0,1,3
45,450632,0,1,3
45,450639,0,1,8
45,450642,0,1,8
45,450650,0,1,3
45,450655,0,1,3
45,450661,0,1,8
45,450679,0,1,9
45,450680,0,1,3
45,450687,0,1,3
45,450691,0,1,8
45,450693,0,1,8
45,450697,0,1,8
45,450702,0,1,8
45,450703,0,1,8
45,450704,0,1,8
45,450705,0,1,3
45,450706,0,1,8
45,450710,0,1,8
45,450711,0,1,8
45,450722,0,1,8
45,450722,0,2,8
45,450731,0,1,8
45,450743,0,1,99
45,450743,0,2,99
45,450750,0,1,3
45,450757,0,1,3
45,450759,0,1,8
45,450759,0,2,8
45,450768,0,1,8
46,460020,0,1,7
46,460021,0,1,3
46,460065,0,1,14
46,460065,0,2,14
46,460069,0,1,3
46,460076,0,1,12
46,460089,0,1,3
46,460096,0,1,3
46,460100,0,1,3
47,470011,0,1,3
47,470011,0,1,12
47,470019,0,1,5
47,470024,0,1,3
47,470030,0,1,3
47,470035,0,1,3
47,470041,0,1,12
47,470049,0,1,3
47,470049,0,2,3
47,470079,0,1,3
47,470090,0,1,99
47,470113,0,1,8
47,470121,0,1,12
47,470121,0,1,14
47,470125,0,1,8
47,470128,0,1,8
47,470128,0,1,12
47,470128,0,2,8
47,470128,0,2,12
47,470129,0,1,3
47,470134,0,1,98
47,470143,0,1,12
47,470145,0,1,3
47,470157,0,1,12
47,470157,0,1,14
47,470174,0,1,3
47,470190,0,1,8
47,470190,0,1,3
47,470194,0,1,5
47,470194,0,1,8
47,470194,0,2,5
47,470194,0,2,8
47,470202,0,1,3
47,470206,0,1,8
47,470210,0,1,5
47,470210,0,1,9
47,470213,0,1,3
47,470214,0,1,3
47,470214,0,1,11
47,470231,0,1,8
47,470231,0,1,11
47,470236,0,1,8
47,470236,0,1,11
47,470245,0,1,3
47,470252,0,1,3
47,470261,0,1,8
47,470261,0,1,12
47,470296,0,1,3
47,470311,0,1,3
47,470319,0,1,8
47,470323,0,1,6
47,470335,0,1,5
47,470335,0,2,5
47,470335,0,3,5
47,470337,0,1,14
47,470345,0,1,3
47,470372,0,1,8
47,470374,0,1,3
47,470385,0,1,8
47,470395,0,1,8
47,470409,0,1,3
47,470434,0,1,7
47,470445,0,1,5
47,470445,0,1,14
47,470448,0,1,12
47,470452,0,1,3
47,470453,0,1,10
47,470470,0,1,99
47,470479,0,1,5
47,470479,0,2,5
47,470487,0,1,5
47,470489,0,1,8
47,470504,0,1,3
47,470511,0,1,3
47,470527,0,1,98
47,470538,0,1,99
47,470539,0,1,8
47,470562,0,1,3
47,470586,0,1,3
47,470599,0,1,8
47,470614,0,1,8
47,470627,0,1,3
47,470640,0,1,7
47,470648,0,1,5
47,470662,0,1,9
47,470662,0,1,14
47,470662,0,1,5
47,470663,0,1,3
47,470667,0,1,8
47,470673,0,1,3
47,470690,0,1,9
47,470701,0,1,3
47,470703,0,1,3
47,470711,0,1,3
47,470755,0,1,3
47,470760,0,1,3
47,470767,0,1,3
47,470774,0,1,3
47,470794,0,1,3
47,470804,0,1,3
47,470812,0,1,3
47,470813,0,1,3
47,470816,0,1,3
47,470828,0,1,8
47,470828,0,1,10
47,470831,0,1,3
47,470839,0,1,3
47,470840,0,1,98
47,470848,0,1,2
47,470849,0,1,3
47,470866,0,1,8
47,470866,0,1,12
47,470875,0,1,3
47,470889,0,1,3
47,470889,0,1,7
47,470889,0,2,3
47,470889,0,2,7
48,480003,0,1,5
48,480005,0,1,3
48,480006,0,1,3
48,480010,0,1,5
48,480014,0,1,3
48,480014,0,1,9
48,480018,0,1,3
48,480022,0,1,5
48,480023,0,1,14
48,480031,0,1,3
48,480034,0,1,5
48,480038,0,1,3
48,480039,0,1,3
48,480044,0,1,3
48,480048,0,1,3
48,480057,0,1,5
48,480059,0,1,98
48,480066,0,1,5
48,480072,0,1,15
48,480073,0,1,6
48,480077,0,1,3
48,480077,0,1,12
48,480078,0,1,3
48,480081,0,1,3
48,480090,0,1,3
48,480091,0,1,3
48,480098,0,1,5
48,480110,0,1,3
48,480111,0,1,8
48,480112,0,1,3
48,480115,0,1,5
48,480116,0,1,3
48,480117,0,1,3
48,480120,0,1,3
48,480130,0,1,3
48,480135,0,1,5
48,480136,0,1,3
48,480143,0,1,5
48,480164,0,1,3
48,480167,0,1,5
48,480172,0,1,8
48,480183,0,1,9
48,480184,0,1,8
48,480184,0,2,8
48,480185,0,1,8
48,480194,0,1,3
48,480195,0,1,5
48,480201,0,1,8
48,480207,0,1,5
48,480207,0,2,5
48,480213,0,1,3
48,480221,0,1,3
48,480223,0,1,3
48,480234,0,1,3
48,480237,0,1,4
48,480237,0,1,3
48,480245,0,1,3
48,480262,0,1,3
48,480270,0,1,2
48,480277,0,1,3
48,480278,0,1,8
48,480278,0,2,8
48,480283,0,1,3
48,480315,0,1,99
48,480323,0,1,3
48,480327,0,1,3
48,480334,0,1,3
48,480337,0,1,3
48,480337,0,1,12
48,480343,0,1,3
48,480362,0,1,9
48,480364,0,1,8
48,480364,0,2,8
48,480365,0,1,6
48,480370,0,1,5
48,480371,0,1,3
48,480372,0,1,12
48,480372,0,2,12
48,480373,0,1,5
48,480389,0,1,8
48,480406,0,1,99
48,480409,0,1,8
48,480411,0,1,3
48,480412,0,1,3
48,480419,0,1,3
48,480420,0,1,98
48,480421,0,1,3
48,480434,0,1,3
48,480441,0,1,7
48,480450,0,1,8
48,480455,0,1,98
48,480461,0,1,14
48,480468,0,1,5
48,480475,0,1,14
48,480476,0,1,8
48,480483,0,1,3
48,480485,0,1,3
48,480494,0,1,6
48,480505,0,1,3
48,480515,0,1,12
48,480515,0,1,8
48,480527,0,1,3
48,480530,0,1,3
48,480531,0,1,3
48,480538,0,1,14
48,480554,0,1,99
48,480558,0,1,3
48,480570,0,1,3
48,480573,0,1,5
48,480575,0,1,5
48,480582,0,1,12
48,480586,0,1,3
48,480593,0,1,3
48,480605,0,1,5
48,480611,0,1,3
48,480616,0,1,3
48,480617,0,1,9
48,480620,0,1,8
48,480622,0,1,3
48,480623,0,1,3
48,480623,0,1,12
48,480626,0,1,3
48,480636,0,1,8
48,480642,0,1,6
48,480650,0,1,6
48,480650,0,1,9
48,480653,0,1,3
48,480656,0,1,99
48,480669,0,1,9
48,480670,0,1,3
48,480671,0,1,3
48,480685,0,1,5
48,480692,0,1,3
48,480699,0,1,3
48,480703,0,1,3
48,480718,0,1,5
48,480722,0,1,14
48,480727,0,1,7
48,480727,0,2,7
48,480735,0,1,98
48,480744,0,1,3
48,480747,0,1,8
48,480751,0,1,98
48,480763,0,1,5
48,480775,0,1,3
48,480779,0,1,3
48,480783,0,1,3
48,480791,0,1,8
48,480794,0,1,8
48,480796,0,1,8
48,480799,0,1,9
48,480806,0,1,12
48,480817,0,1,3
48,480819,0,1,3
48,480835,0,1,5
48,480835,0,2,5
48,480840,0,1,3
48,480845,0,1,3
48,480848,0,1,5
48,480850,0,1,3
48,480855,0,1,8
48,480861,0,1,5
48,480863,0,1,8
48,480869,0,1,14
48,480874,0,1,5
48,480874,0,1,9
48,480878,0,1,2
48,480878,0,2,2
48,480884,0,1,3
48,480903,0,1,8
48,480912,0,1,12
48,480917,0,1,7
48,480926,0,1,3
48,480931,0,1,3
48,480935,0,1,3
48,480946,0,1,12
48,480948,0,1,3
48,480951,0,1,3
48,480953,0,1,9
48,480956,0,1,6
48,480957,0,1,3
48,481033,0,1,5
48,481039,0,1,5
48,481074,0,1,3
48,481076,0,1,5
48,481078,0,1,3
48,481116,0,1,4
48,481116,0,1,3
48,481118,0,1,3
48,481145,0,1,12
48,481146,0,1,3
48,481149,0,1,8
48,481156,0,1,5
48,481161,0,1,9
48,481163,0,1,98
48,481163,0,2,98
48,481174,0,1,98
48,481176,0,1,3
48,481177,0,1,3
48,481183,0,1,9
48,481186,0,1,5
48,481199,0,1,3
48,481199,0,2,3
48,481201,0,1,8
48,481201,0,2,8
48,481201,0,3,8
48,481202,0,1,8
48,481205,0,1,3
48,481206,0,1,14
48,481208,0,1,3
48,481211,0,1,3
48,481232,0,1,14
48,481252,0,1,3
48,481255,0,1,3
48,481270,0,1,3
48,481276,0,1,3
48,481283,0,1,11
48,481283,0,1,8
48,481294,0,1,12
48,481296,0,1,3
48,481297,0,1,3
48,481301,0,1,3
48,481303,0,1,8
48,481314,0,1,3
48,481320,0,1,5
48,481331,0,1,12
48,481336,0,1,3
48,481350,0,1,3
48,481351,0,1,3
48,481355,0,1,8
48,481360,0,1,8
48,481362,0,1,14
48,481370,0,1,8
48,481371,0,1,12
48,481380,0,1,3
48,481389,0,1,3
48,481393,0,1,8
48,481393,0,1,12
48,481410,0,1,3
48,481413,0,1,5
48,481423,0,1,3
48,481427,0,1,98
48,481431,0,1,14
48,481433,0,1,3
48,481435,0,1,8
48,481435,0,1,12
48,481441,0,1,12
48,481441,0,2,12
48,481441,0,3,12
48,481443,0,1,3
48,481451,0,1,3
48,481458,0,1,3
48,481475,0,1,14
48,481488,0,1,5
48,481495,0,1,9
48,481509,0,1,8
48,481512,0,1,6
48,481513,0,1,3
48,481519,0,1,5
48,481519,0,2,5
48,481527,0,1,12
48,481547,0,1,3
48,481554,0,1,5
48,481584,0,1,8
48,481584,0,1,12
48,481586,0,1,3
48,481588,0,1,6
48,481602,0,1,3
48,481603,0,1,5
48,481611,0,1,3
48,481612,0,1,9
48,481618,0,1,3
48,481621,0,1,6
48,481622,0,1,11
48,481624,0,1,8
48,481625,0,1,3
48,481627,0,1,3
48,481627,0,1,12
48,481632,0,1,8
48,481633,0,1,3
48,481648,0,1,9
48,481648,0,1,12
48,481649,0,1,5
48,481653,0,1,14
48,481664,0,1,12
48,481700,0,1,12
48,481704,0,1,3
48,481707,0,1,5
48,481708,0,1,2
48,481708,0,1,9
48,481717,0,1,8
48,481722,0,1,99
48,481728,0,1,3
48,481728,0,1,12
48,481734,0,1,8
48,481735,0,1,8
48,481740,0,1,5
48,481741,0,1,8
48,481744,0,1,8
48,481745,0,1,8
48,481745,0,1,12
48,481752,0,1,3
48,481752,0,2,3
48,481765,0,1,3
48,481766,0,1,5
48,481767,0,1,3
48,481770,0,1,3
48,481776,0,1,8
48,481776,0,2,8
48,481794,0,1,12
48,481798,0,1,3
48,481801,0,1,3
48,481806,0,1,3
48,481808,0,1,5
48,481827,0,1,12
48,481830,0,1,3
48,481836,0,1,3
48,481838,0,1,8
48,481850,0,1,9
48,481852,0,1,98
48,481861,0,1,3
48,481861,0,2,3
48,481867,0,1,3
48,481870,0,1,5
48,481890,0,1,3
48,481892,0,1,5
48,481893,0,1,3
48,481901,0,1,8
48,481907,0,1,3
48,481914,0,1,5
48,481916,0,1,4
48,481916,0,1,7
48,481918,0,1,8
48,481922,0,1,9
48,481924,0,1,3
48,481924,0,1,8
48,481928,0,1,8
48,481928,0,1,12
48,481932,0,1,3
48,481963,0,1,3
48,481966,0,1,3
48,481977,0,1,3
48,481978,0,1,8
48,481979,0,1,3
48,481992,0,1,3
48,481992,0,2,3
48,481993,0,1,8
48,481999,0,1,5
48,482005,0,1,3
48,482008,0,1,3
48,482012,0,1,3
48,482014,0,1,5
48,482014,0,1,9
48,482015,0,1,3
48,482016,0,1,3
48,482017,0,1,3
48,482019,0,1,3
48,482025,0,1,3
48,482048,0,1,5
48,482051,0,1,3
48,482052,0,1,3
48,482057,0,1,9
48,482057,0,1,12
48,482067,0,1,5
48,482069,0,1,3
48,482069,0,2,3
48,482079,0,1,3
48,482086,0,1,3
48,482091,0,1,3
48,482099,0,1,99
48,482109,0,1,3
48,482112,0,1,8
48,482114,0,1,8
48,482120,0,1,8
48,482120,0,2,8
48,482122,0,1,14
48,482125,0,1,12
48,482125,0,2,12
48,482128,0,1,98
48,482135,0,1,6
48,482136,0,1,3
48,482152,0,1,3
48,482154,0,1,12
48,482154,0,2,12
48,482156,0,1,8
48,482158,0,1,5
48,482164,0,1,3
48,482165,0,1,3
48,482176,0,1,8
48,482176,0,1,12
48,482177,0,1,9
48,482179,0,1,5
48,482181,0,1,4
48,482181,0,1,5
48,482186,0,1,9
48,482208,0,1,3
48,482219,0,1,5
48,482220,0,1,3
48,482223,0,1,8
48,482225,0,1,99
48,482235,0,1,3
48,482238,0,1,3
48,482239,0,1,3
48,482243,0,1,11
48,482243,0,1,3
48,482243,0,2,11
48,482243,0,2,3
48,482249,0,1,12
48,482249,0,1,8
48,482249,0,2,8
48,482249,0,2,12
48,482252,0,1,8
48,482252,0,1,12
48,482272,0,1,6
48,482275,0,1,3
48,482283,0,1,3
48,482287,0,1,3
48,482294,0,1,8
48,482299,0,1,11
48,482300,0,1,3
48,482303,0,1,3
48,482303,0,1,4
48,482305,0,1,3
48,482308,0,1,9
48,482324,0,1,3
48,482325,0,1,3
48,482326,0,1,98
48,482329,0,1,6
48,482340,0,1,5
48,482349,0,1,3
48,482350,0,1,9
48,482350,0,2,9
48,482351,0,1,3
48,482361,0,1,9
48,482362,0,1,8
48,482368,0,1,3
48,482380,0,1,3
48,482384,0,1,3
48,482387,0,1,12
48,482388,0,1,5
48,482389,0,1,9
48,482393,0,1,3
48,482394,0,1,3
48,482395,0,1,12
48,482395,0,1,9
48,482405,0,1,8
48,482405,0,1,12
48,482405,0,2,12
48,482405,0,2,8
48,482410,0,1,5
48,482410,0,1,9
48,482422,0,1,5
48,482431,0,1,8
48,482443,0,1,3
48,482447,0,1,14
48,482460,0,1,5
48,482461,0,1,3
48,482465,0,1,8
48,482466,0,1,8
48,482467,0,1,3
48,482472,0,1,8
48,482486,0,1,5
48,482487,0,1,8
48,482487,0,2,8
48,482488,0,1,9
48,482495,0,1,5
48,482497,0,1,3
48,482503,0,1,8
48,482508,0,1,15
48,482511,0,1,8
48,482513,0,1,8
48,482514,0,1,3
48,482528,0,1,5
48,482528,0,2,5
48,482528,0,3,5
48,482540,0,1,3
48,482545,0,1,8
48,482545,0,2,8
48,482546,0,1,3
48,482547,0,1,14
48,482566,0,1,3
48,482572,0,1,7
48,482577,0,1,98
48,482579,0,1,3
48,482588,0,1,8
48,482605,0,1,3
48,482611,0,1,12
48,482611,0,2,8
48,482611,0,2,12
48,482620,0,1,14
48,482624,0,1,6
48,482629,0,1,8
48,482631,0,1,3
48,482639,0,1,3
48,482648,0,1,3
48,482653,0,1,8
48,482666,0,1,3
48,482668,0,1,3
48,482671,0,1,3
48,482673,0,1,3
48,482674,0,1,3
48,482676,0,1,8
48,482682,0,1,10
48,482684,0,1,3
48,482692,0,1,3
48,482698,0,1,3
48,482698,0,1,7
48,482699,0,1,3
48,482700,0,1,3
48,482700,0,2,3
48,482706,0,1,6
48,482712,0,1,5
48,482717,0,1,3
48,482726,0,1,12
48,482727,0,1,3
48,482728,0,1,12
48,482728,0,2,9
48,482728,0,2,12
48,482731,0,1,3
48,482731,0,2,3
48,482739,0,1,3
48,482739,0,1,12
48,482747,0,1,3
48,482755,0,1,5
48,482758,0,1,3
48,482760,0,1,14
48,482765,0,1,3
48,482768,0,1,3
48,482771,0,1,3
48,482776,0,1,15
48,482781,0,1,12
48,482782,0,1,5
48,482788,0,1,9
48,482792,0,1,5
48,482804,0,1,3
48,482804,0,2,3
48,482812,0,1,3
48,482814,0,1,3
48,482822,0,1,5
48,482825,0,1,3
48,482833,0,1,3
48,482833,0,2,3
48,482835,0,1,8
48,482835,0,2,8
48,482838,0,1,3
48,482839,0,1,3
48,482841,0,1,15
48,482841,0,2,15
48,482848,0,1,3
48,482852,0,1,3
48,482855,0,1,3
49,490010,0,1,99
49,490013,0,1,8
49,490013,0,1,5
49,490015,0,1,3
49,490030,0,1,3
49,490042,0,1,3
49,490057,0,1,6
49,490057,0,2,6
49,490059,0,1,3
49,490068,0,1,7
49,490080,0,1,3
49,490112,0,1,8
49,490125,0,1,14
49,490128,0,1,8
49,490129,0,1,3
49,490135,0,1,5
49,490136,0,1,3
49,490142,0,1,2
49,490142,0,2,2
49,490152,0,1,3
49,490154,0,1,3
49,490154,0,2,3
49,490166,0,1,6
49,490171,0,1,3
49,490172,0,1,5
49,490175,0,1,3
49,490178,0,1,10
49,490180,0,1,3
49,490181,0,1,5
49,490182,0,1,3
49,490182,0,2,3
49,490183,0,1,3
49,490185,0,1,3
49,490195,0,1,3
49,490200,0,1,3
49,490201,0,1,3
49,490201,0,1,12
49,490203,0,1,3
49,490204,0,1,3
49,490205,0,1,9
49,490205,0,1,11
49,490209,0,1,1
49,490209,0,1,3
49,490213,0,1,5
49,490214,0,1,1
49,490214,0,1,3
50,500020,0,1,3
50,500022,0,1,14
50,500030,0,1,3
50,500036,0,1,3
51,510002,0,1,12
51,510005,0,1,3
51,510016,0,1,8
51,510020,0,1,3
51,510026,0,1,5
51,510035,0,1,12
51,510040,0,1,5
51,510061,0,1,3
51,510071,0,1,3
51,510074,0,1,5
51,510077,0,1,6
51,510083,0,1,3
51,510094,0,1,3
51,510097,0,1,3
51,510106,0,1,3
51,510108,0,1,12
51,510145,0,1,3
51,510163,0,1,8
51,510165,0,1,2
51,510166,0,1,3
51,510167,0,1,5
51,510183,0,1,8
51,510199,0,1,3
51,510199,0,2,3
51,510209,0,1,3
51,510209,0,2,14
51,510249,0,1,15
51,510252,0,1,12
51,510266,0,1,14
51,510271,0,1,8
51,510277,0,1,8
51,510301,0,1,3
51,510317,0,1,5
51,510320,0,1,3
51,510345,0,1,3
51,510348,0,1,3
51,510363,0,1,3
51,510379,0,1,5
51,510384,0,1,12
51,510391,0,1,98
51,510395,0,1,8
51,510406,0,1,3
51,510435,0,1,8
51,510446,0,1,3
51,510455,0,1,6
51,510458,0,1,5
51,510465,0,1,3
51,510468,0,1,12
51,510470,0,1,7
51,510511,0,1,14
51,510511,0,1,8
51,510515,0,1,3
51,510526,0,1,3
51,510534,0,1,3
51,510542,0,1,8
51,510547,0,1,5
51,510553,0,1,5
51,510556,0,1,5
51,510564,0,1,3
51,510568,0,1,3
51,510575,0,1,3
51,510576,0,1,3
51,510577,0,1,3
51,510582,0,1,7
51,510583,0,1,3
51,510588,0,1,8
51,510592,0,1,12
51,510592,0,2,12
51,510602,0,1,3
51,510607,0,1,3
51,510629,0,1,3
51,510638,0,1,3
51,510640,0,1,3
51,510641,0,1,3
51,510645,0,1,3
51,510658,0,1,6
51,510659,0,1,3
51,510660,0,1,3
51,510675,0,1,98
51,510677,0,1,3
51,510679,0,1,12
51,510685,0,1,3
51,510690,0,1,8
51,510693,0,1,3
51,510698,0,1,3
51,510705,0,1,12
53,530005,0,1,3
53,530007,0,1,3
53,530015,0,1,3
53,530019,0,1,3
53,530020,0,1,12
53,530029,0,1,98
53,530030,0,1,15
53,530035,0,1,8
53,530040,0,1,6
53,530051,0,1,8
53,530052,0,1,5
53,530052,0,1,4
53,530059,0,1,3
53,530059,0,1,6
53,530060,0,1,3
53,530060,0,2,3
53,530070,0,1,8
53,530071,0,1,3
53,530075,0,1,99
53,530081,0,1,3
53,530083,0,1,6
53,530088,0,1,3
53,530108,0,1,8
53,530115,0,1,6
53,530120,0,1,7
53,530121,0,1,3
53,530121,0,1,7
53,530129,0,1,5
53,530134,0,1,3
53,530141,0,1,6
53,530159,0,1,3
53,530163,0,1,7
53,530173,0,1,3
53,530177,0,1,3
53,530179,0,1,3
53,530181,0,1,9
53,530181,0,1,12
53,530182,0,1,12
53,530186,0,1,3
53,530193,0,1,3
53,530194,0,1,3
53,530195,0,1,8
53,530212,0,1,9
53,530222,0,1,5
53,530226,0,1,3
53,530227,0,1,3
53,530250,0,1,14
53,530254,0,1,5
53,530271,0,1,9
53,530271,0,1,12
53,530273,0,1,3
53,530276,0,1,3
53,530277,0,1,3
53,530278,0,1,9
53,530285,0,1,3
53,530293,0,1,5
53,530303,0,1,5
53,530308,0,1,3
53,530313,0,1,7
53,530340,0,1,3
53,530350,0,1,3
53,530351,0,1,3
53,530358,0,1,3
53,530366,0,1,3
53,530370,0,1,9
53,530372,0,1,3
53,530375,0,1,6
53,530376,0,1,6
53,530376,0,1,9
53,530378,0,1,3
53,530381,0,1,3
53,530384,0,1,3
53,530385,0,1,98
53,530387,0,1,14
53,530391,0,1,5
53,530394,0,1,5
53,530398,0,1,3
53,530401,0,1,3
53,530408,0,1,5
53,530416,0,1,3
53,530417,0,1,3
53,530420,0,1,3
53,530422,0,1,3
53,530426,0,1,3
53,530427,0,1,5
53,530430,0,1,3
53,530434,0,1,9
54,540022,0,1,3
54,540033,0,1,5
54,540049,0,1,3
54,540077,0,1,8
54,540083,0,1,14
54,540083,0,1,8
54,540090,0,1,3
54,540128,0,1,98
54,540129,0,1,5
54,540129,0,1,9
54,540140,0,1,8
54,540174,0,1,3
54,540177,0,1,9
54,540177,0,1,5
54,540177,0,2,9
54,540177,0,2,5
54,540177,0,3,5
54,540177,0,3,9
54,540183,0,1,9
54,540183,0,1,5
54,540184,0,1,9
54,540184,0,1,12
54,540195,0,1,98
54,540262,0,1,3
54,540277,0,1,8
54,540280,0,1,3
54,540290,0,1,3
54,540298,0,1,3
54,540315,0,1,3
54,540317,0,1,3
55,550003,0,1,3
55,550004,0,1,5
55,550004,0,2,5
55,550014,0,1,3
55,550029,0,1,3
55,550031,0,1,5
55,550034,0,1,3
55,550046,0,1,8
55,550046,0,1,14
55,550050,0,1,3
55,550055,0,1,3
55,550055,0,1,12
55,550056,0,1,3
55,550059,0,1,8
55,550065,0,1,5
55,550077,0,1,3
55,550077,0,2,3
55,550079,0,1,8
55,550079,0,2,8
55,550079,0,3,8
55,550083,0,1,3
55,550109,0,1,8
55,550109,0,1,10
55,550109,0,1,12
55,550125,0,1,3
55,550134,0,1,3
55,550143,0,1,7
55,550143,0,2,7
55,550143,0,3,7
55,550143,0,4,11
55,550183,0,1,3
55,550184,0,1,8
55,550202,0,1,3
55,550209,0,1,3
55,550210,0,1,3
55,550211,0,1,3
55,550221,0,1,5
55,550223,0,1,3
55,550238,0,1,15
55,550244,0,1,11
55,550247,0,1,6
55,550261,0,1,3
55,550262,0,1,5
55,550267,0,1,6
55,550271,0,1,5
55,550292,0,1,3
55,550292,0,2,3
55,550292,0,3,3
55,550298,0,1,5
55,550298,0,2,5
55,550299,0,1,3
55,550300,0,1,5
55,550302,0,1,5
55,550304,0,1,3
55,550310,0,1,5
55,550314,0,1,5
55,550315,0,1,5
55,550315,0,2,5
55,550315,0,3,5
55,550322,0,1,5
55,550369,0,1,3
55,550372,0,1,11
55,550372,0,1,3
55,550379,0,1,3
55,550385,0,1,5
55,550389,0,1,3
55,550394,0,1,12
55,550399,0,1,3
55,550400,0,1,3
55,550405,0,1,3
55,550422,0,1,15
55,550422,0,2,15
55,550422,0,3,15
55,550423,0,1,99
55,550424,0,1,3
55,550428,0,1,11
55,550432,0,1,3
55,550434,0,1,6
55,550436,0,1,3
55,550450,0,1,3
55,550452,0,1,3
55,550452,0,2,3
55,550458,0,1,3
55,550467,0,1,1
55,550467,0,1,3
55,550471,0,1,3
55,550479,0,1,3
55,550488,0,1,8
55,550493,0,1,8
55,550507,0,1,3
55,550507,0,2,3
55,550521,0,1,3
55,550526,0,1,8
55,550526,0,1,3
56,560003,0,1,99
56,560026,0,1,7
56,560064,0,1,5
56,560074,0,1,9
56,560088,0,1,8
56,560116,0,1,1
56,560116,0,1,3
56,560119,0,1,3
