ST_CASE,VE_TOTAL,PEDS,PERSONS,COUNTY,MONTH,DAY_WEEK,YEAR,HOUR,ROAD_FNC,ROUTE,LATITUDE,LONGITUD,HARM_EV,MAN_COLL,RELJCT2,TYP_INT,REL_ROAD,WRK_ZONE,LGT_COND,WEATHER,SCH_BUS,FATALS,DRUNK_DR,AGE,SEX_1,SEX_2,SEX_8,SEX_9,REST_MIS,DRUGS,BT_Sedan,BT_Pickup,BT_SUV_Van,BT_Motorcyle,BT_Truck,BT_Bus,BT_Unknown_Other,BT_Motorcycle,OOS_REG,TRAV_SP,DR_DRINK,PREV_ACC,PREV_DWI,PREV_SPD,SPEED_REL,VSPD_LIM,ACC_TYPE_A,ACC_TYPE_B,ACC_TYPE_C,ACC_TYPE_D,ACC_TYPE_E,ACC_TYPE_F,ACC_TYPE_G,ACC_TYPE_H,ACC_TYPE_I,ACC_TYPE_J,ACC_TYPE_K,ACC_TYPE_L,ACC_TYPE_M,MDRDSTRD,MVIOLATN
410001,2,0,3,35,1,1,2011,11,2,2,43.00821944,-121.82608056,12,6,1,1,1,0,1,1,0,1,0,36,1,2,0,0,0,9,1,1,0,0,0,0,0,0.0,1,999,0,0,0,1,1,55,0,0,0,0,0,0,0,0,2,0,0,0,0,99,0
410002,1,0,1,19,1,2,2011,16,3,4,43.10678611,-123.42439167,32,0,3,3,4,0,2,1,0,1,0,78,0,1,0,0,0,0,1,0,0,0,0,0,0,0.0,0,999,0,2,0,0,0,0,1,0,0,0,0,0,0,0,0,0,0,0,0,99,0
410003,1,2,1,39,1,2,2011,8,15,6,44.08044167,-123.06571111,8,0,3,3,4,0,1,1,0,1,0,62,2,1,0,0,0,9,1,0,0,0,0,0,0,0.0,0,26,0,0,0,1,0,0,1,0,0,0,0,0,0,0,0,0,0,0,0,99,0
410004,1,1,1,51,1,3,2011,23,13,6,45.50408056,-122.53406389,8,0,1,1,1,0,3,10,0,1,0,999,1,0,0,1,0,9,0,0,0,0,0,0,1,0.0,99,999,0,0,0,0,9,0,0,0,1,0,0,0,0,0,0,0,0,0,0,99,0
410005,2,0,1,51,1,6,2011,9,2,6,45.58268889,-122.66684167,12,2,1,1,1,0,1,10,0,1,0,40,1,0,0,0,0,9,1,0,0,0,1,0,0,0.0,1,40,0,0,0,0,9,0,0,0,0,0,0,0,2,0,0,0,0,0,0,16,99
410006,2,0,4,3,1,1,2011,19,2,2,44.60789167,-123.48084167,12,6,1,1,1,0,2,10,0,1,0,29,3,1,0,0,0,0,1,1,0,0,0,0,0,0.0,0,999,0,0,0,0,1,0,0,0,0,0,0,0,0,0,2,0,0,0,0,0,0
410007,1,0,1,29,1,2,2011,17,4,4,42.49040833,-123.16608333,42,0,1,1,4,0,1,1,0,1,0,80,1,0,0,0,0,9,0,0,1,0,0,0,0,0.0,0,999,0,0,0,0,9,0,1,0,0,0,0,0,0,0,0,0,0,0,0,99,0
410008,2,0,2,9,1,6,2011,9,2,2,45.77165278,-122.87923333,12,1,3,3,11,0,1,10,0,1,0,43,2,0,0,0,0,9,1,0,0,0,1,0,0,0.0,0,999,0,1,0,4,9,0,0,0,0,2,0,0,0,0,0,0,0,0,0,0,0
410009,1,0,1,35,1,6,2011,18,3,3,42.13935833,-121.88702778,38,0,1,1,5,0,2,10,0,1,1,34,1,0,0,0,0,9,1,0,0,0,0,0,0,0.0,0,999,1,0,0,0,1,0,1,0,0,0,0,0,0,0,0,0,0,0,0,99,0
410010,1,1,1,67,1,6,2011,18,13,3,45.51931389,-123.00364722,8,0,1,1,1,0,2,98,0,1,0,53,1,1,0,0,0,9,1,0,0,0,0,0,0,0.0,0,999,0,1,0,0,0,0,0,0,1,0,0,0,0,0,0,0,0,0,0,13,0
410011,1,0,4,31,1,7,2011,2,4,4,44.57812778,-121.18758611,1,0,1,1,5,0,2,1,0,1,1,26,3,1,0,0,0,9,1,0,0,0,0,0,0,0.0,0,999,1,0,0,1,1,0,0,1,0,0,0,0,0,0,0,0,0,0,0,99,11
410012,1,0,2,39,1,7,2011,17,4,4,43.99865278,-122.90530278,23,0,2,3,4,0,8,98,0,2,0,81,1,1,0,0,0,9,1,0,0,0,0,0,0,0.0,0,999,0,0,0,0,0,0,1,0,0,0,0,0,0,0,0,0,0,0,0,99,0
410013,1,1,1,27,1,5,2011,1,11,1,45.71041944,-121.50628889,8,0,1,1,1,1,2,1,0,1,0,43,2,0,0,0,0,9,0,0,0,0,1,0,0,0.0,1,999,0,0,0,1,0,0,0,0,1,0,0,0,0,0,0,0,0,0,0,0,0
410014,3,2,2,51,1,5,2011,2,15,6,45.522725,-122.55867778,14,0,1,1,4,0,3,10,0,1,1,37,2,2,0,0,0,9,0,0,1,0,0,0,0,0.0,0,75,1,0,0,2,1,0,1,0,0,0,0,0,0,0,0,0,0,0,0,99,0
410015,1,0,1,41,1,5,2011,20,6,4,44.55335278,-124.06678611,2,0,1,1,1,0,2,99,0,1,0,58,1,0,0,0,0,9,1,0,0,0,0,0,0,0.0,0,0,0,0,0,0,0,99,1,0,0,0,0,0,0,0,0,0,0,0,0,99,0
410016,1,1,1,15,1,6,2011,17,2,2,42.05393056,-124.26420278,8,0,1,1,1,0,2,10,0,1,0,45,2,0,0,0,0,9,0,0,1,0,0,0,0,0.0,0,999,0,1,0,0,0,0,0,0,1,0,0,0,0,0,0,0,0,0,0,0,0
410017,2,0,2,27,1,6,2011,17,2,3,45.46168889,-121.57989722,12,6,1,1,1,0,2,1,0,1,1,63,2,0,0,0,0,9,1,0,0,0,1,0,0,0.0,1,999,1,0,0,0,0,0,0,0,0,0,0,0,0,0,2,0,0,0,0,0,0
410018,1,0,1,47,1,6,2011,20,4,4,44.74766944,-122.94121111,42,0,1,1,6,0,2,2,0,1,1,33,1,0,0,0,0,9,1,0,0,0,0,0,0,0.0,0,999,1,0,0,0,1,0,0,1,0,0,0,0,0,0,0,0,0,0,0,99,0
410019,1,0,3,39,1,7,2011,6,2,3,43.64742222,-122.20781111,42,0,1,1,6,0,2,5,0,2,0,21,3,0,0,0,0,9,1,0,0,0,0,0,0,0.0,0,999,0,0,0,1,0,0,1,0,0,0,0,0,0,0,0,0,0,0,0,99,0
410020,2,0,6,47,1,7,2011,11,4,4,45.08564444,-122.74349444,12,6,2,2,1,0,1,1,0,2,0,31,4,2,0,0,1,9,2,0,0,0,0,0,0,0.0,0,999,0,0,0,3,0,0,0,0,0,0,0,0,0,0,0,0,0,2,0,0,0
410021,1,0,1,5,1,1,2011,16,3,3,45.16591111,-122.52690278,30,0,1,1,4,0,1,10,0,1,0,18,0,1,0,0,0,9,0,1,0,0,0,0,0,0.0,0,999,0,0,0,0,9,0,0,1,0,0,0,0,0,0,0,0,0,0,0,99,0
410022,2,0,2,47,1,3,2011,15,11,1,44.86346944,-123.00826111,12,98,1,1,1,0,1,98,1,1,1,47,1,1,0,0,0,9,0,0,0,0,0,1,0,1.0,0,999,1,0,0,0,0,65,0,0,0,0,0,2,0,0,0,0,0,0,0,0,0
410023,1,1,2,47,1,4,2011,23,16,6,44.97312222,-122.96921667,8,0,1,1,1,0,3,5,0,1,0,24,3,0,0,0,0,9,1,0,0,0,0,0,0,0.0,0,999,0,0,0,0,1,0,0,0,1,0,0,0,0,0,0,0,0,0,0,15,1
410024,1,1,1,17,1,4,2011,22,13,2,44.06878611,-121.30254444,8,0,1,1,1,0,2,1,0,1,0,42,2,0,0,0,0,9,0,0,1,0,0,0,0,0.0,0,999,0,0,0,0,9,0,0,0,1,0,0,0,0,0,0,0,0,0,0,99,7
410025,1,0,1,29,1,5,2011,16,11,1,42.19509167,-122.67290278,21,0,1,1,3,0,1,1,0,1,0,69,1,0,0,0,0,9,0,0,0,0,1,0,0,0.0,1,999,0,0,0,0,9,0,0,1,0,0,0,0,0,0,0,0,0,0,0,99,0
410026,1,0,1,29,1,6,2011,3,1,1,42.41373889,-123.15428333,1,0,1,1,1,0,3,1,0,1,1,29,1,0,0,0,0,9,0,0,1,0,0,0,0,0.0,0,999,1,0,0,0,0,0,0,0,0,0,0,0,0,0,0,0,0,0,1,99,0
410027,1,0,1,25,1,7,2011,7,3,3,43.24400833,-118.95609444,1,0,1,1,4,0,1,5,0,1,0,56,0,1,0,0,0,0,0,0,1,0,0,0,0,0.0,0,999,0,0,0,0,1,0,0,1,0,0,0,0,0,0,0,0,0,0,0,99,0
410028,1,0,2,47,1,1,2011,5,3,4,44.83938056,-122.98727778,1,0,1,1,5,0,3,5,0,1,1,23,2,0,0,0,0,9,0,1,0,0,0,0,0,0.0,0,999,1,0,0,0,1,0,0,1,0,0,0,0,0,0,0,0,0,0,0,99,0
410029,1,0,3,41,2,3,2011,10,2,2,44.47974444,-124.07989167,42,0,1,1,4,0,1,1,0,2,1,26,3,0,0,0,0,9,0,0,1,0,0,0,0,0.0,0,999,1,0,0,0,1,0,1,0,0,0,0,0,0,0,0,0,0,0,0,99,1
410030,2,0,2,5,2,1,2011,21,13,3,45.37857778,-122.29123056,12,1,3,3,1,0,3,10,0,1,1,38,2,0,0,0,0,9,1,0,0,0,1,0,0,0.0,0,999,1,1,0,1,1,0,0,0,0,2,0,0,0,0,0,0,0,0,0,0,0
410031,2,0,4,51,2,2,2011,2,13,2,45.56379444,-122.59323056,12,6,2,2,1,0,3,2,0,1,1,32,1,3,0,0,0,9,0,0,2,0,0,0,0,0.0,0,999,1,0,0,1,0,99,0,0,0,0,0,0,0,0,0,0,0,2,0,0,0
410032,2,0,3,57,2,3,2011,15,3,3,45.47461944,-123.72667222,12,2,1,1,1,4,1,1,0,2,0,35,1,2,0,0,0,9,1,0,0,0,1,0,0,0.0,1,999,0,0,0,0,0,0,0,0,0,0,0,0,2,0,0,0,0,0,0,99,0
410033,1,0,1,45,2,4,2011,9,1,1,44.16891667,-117.12550833,31,0,1,1,3,0,1,1,0,1,0,56,0,1,0,0,0,9,0,0,1,0,0,0,0,0.0,0,999,0,0,0,0,0,0,0,1,0,0,0,0,0,0,0,0,0,0,0,99,0
410034,1,1,1,39,2,4,2011,19,13,3,44.05386944,-122.93491944,8,0,1,1,1,0,3,1,0,1,0,53,1,1,0,0,0,9,0,1,0,0,0,0,0,0.0,0,999,0,0,0,0,0,0,0,0,1,0,0,0,0,0,0,0,0,0,0,0,0
410035,2,0,3,51,2,4,2011,22,14,6,45.56676111,-122.53544444,1,0,2,3,1,0,3,10,0,1,1,38,2,1,0,0,0,9,1,0,0,0,0,0,0,1.0,1,999,1,2,0,0,0,0,0,0,0,0,0,0,0,0,0,0,0,0,2,99,0
410036,1,1,1,67,2,7,2011,18,13,3,45.48873333,-122.81805833,9,0,1,1,1,8,3,2,0,1,0,47,2,0,0,0,0,9,1,0,0,0,0,0,0,0.0,0,999,0,0,0,0,0,0,0,0,1,0,0,0,0,0,0,0,0,0,0,0,0
410037,1,0,1,47,2,5,2011,10,3,4,44.96363333,-122.80946111,42,0,1,1,6,0,1,1,0,1,0,33,1,0,0,0,0,0,1,0,0,0,0,0,0,0.0,0,999,0,0,0,0,1,0,1,0,0,0,0,0,0,0,0,0,0,0,0,99,0
410038,1,4,1,1,2,6,2011,5,1,1,44.62928611,-117.51824444,8,0,1,1,3,0,2,4,0,1,0,27,1,4,0,0,0,9,1,0,0,0,0,0,0,0.0,1,999,0,0,0,0,1,0,0,1,0,0,0,0,0,0,0,0,0,0,0,99,0
410039,2,0,6,43,2,6,2011,13,2,2,44.42891944,-121.90132222,12,2,1,1,1,0,1,10,0,1,0,45,3,3,0,0,0,1,0,0,2,0,0,0,0,0.0,0,999,0,1,0,0,1,0,0,0,0,0,0,0,2,0,0,0,0,0,0,99,0
410040,3,0,9,17,2,7,2011,15,2,2,43.85656111,-121.41244722,12,6,1,1,1,0,1,4,0,1,0,35,5,4,0,0,0,0,0,1,2,0,0,0,0,0.0,1,999,0,0,0,1,1,0,0,0,0,0,0,0,0,0,2,0,0,0,1,0,0
410041,3,0,7,47,2,7,2011,16,3,4,44.99154444,-122.88899167,12,1,2,2,1,0,1,1,0,1,1,21,4,3,0,0,0,9,0,3,0,0,0,0,0,0.0,0,999,1,0,0,1,0,0,0,0,0,0,0,0,0,0,0,0,2,0,1,99,0
410042,1,0,1,51,2,7,2011,7,14,6,45.609725,-122.70811944,25,0,1,1,3,0,4,1,0,1,0,63,1,0,0,0,0,9,0,1,0,0,0,0,0,0.0,0,999,0,1,0,1,1,0,0,1,0,0,0,0,0,0,0,0,0,0,0,99,0
410043,1,1,1,55,3,4,2011,23,1,1,45.71101111,-120.68693056,18,0,1,1,1,0,2,1,0,1,0,49,2,0,0,0,0,9,0,1,0,0,0,0,0,0.0,0,999,0,0,0,0,0,0,0,0,1,0,0,0,0,0,0,0,0,0,0,99,0
410044,2,0,4,7,2,1,2011,10,2,2,45.91193333,-123.70823611,14,0,1,1,4,0,1,10,0,1,0,24,2,2,0,0,0,9,1,0,0,0,0,0,0,0.0,0,999,0,0,0,0,1,0,0,1,0,0,0,0,0,0,0,0,0,0,0,99,0
410045,1,1,1,11,3,4,2011,18,13,6,43.39170556,-124.270625,8,0,1,1,1,0,2,99,0,1,0,44,2,0,0,0,0,9,0,1,0,0,0,0,0,0.0,0,999,0,0,0,0,0,0,0,0,1,0,0,0,0,0,0,0,0,0,0,99,0
410046,2,0,2,51,3,6,2011,6,2,2,45.68628056,-122.87292222,12,2,1,1,1,0,4,2,0,1,0,49,2,0,0,0,0,9,1,0,0,0,1,0,0,0.0,1,999,0,0,0,1,0,0,0,0,0,0,0,0,2,0,0,0,0,0,0,0,0
410047,1,0,1,67,3,1,2011,19,4,4,45.55280556,-122.85318889,42,0,1,1,4,0,3,1,0,1,0,18,1,0,0,0,0,9,0,0,0,0,0,0,0,1.0,0,999,0,0,0,5,1,0,1,0,0,0,0,0,0,0,0,0,0,0,0,99,0
410048,1,0,2,43,3,4,2011,18,6,4,44.39060278,-122.63065,1,0,1,1,4,0,5,10,0,1,1,58,2,0,0,0,1,9,0,0,1,0,0,0,0,0.0,0,999,1,0,0,0,1,99,1,0,0,0,0,0,0,0,0,0,0,0,0,99,0
410049,3,0,3,5,3,5,2011,12,2,2,45.30614722,-121.79043056,12,2,1,1,1,0,1,4,0,1,1,44,3,0,0,0,0,9,2,0,0,0,1,0,0,0.0,1,999,1,2,0,1,0,0,0,0,0,0,0,0,2,0,0,0,0,0,1,99,0
410050,1,0,1,39,3,7,2011,2,4,4,43.98927222,-123.29713889,42,0,1,1,4,0,2,10,0,1,0,24,0,1,0,0,0,9,1,0,0,0,0,0,0,0.0,0,999,0,1,0,4,1,0,1,0,0,0,0,0,0,0,0,0,0,0,0,99,0
410051,1,1,1,51,3,7,2011,11,16,6,45.49016667,-122.49023333,8,0,1,1,1,0,1,2,0,1,0,16,2,0,0,0,0,9,0,1,0,0,0,0,0,0.0,0,999,0,0,0,0,0,0,0,0,0,0,0,0,0,0,0,0,0,0,1,99,0
410052,2,0,4,39,3,4,2011,14,2,3,43.60821389,-122.05666111,12,1,1,1,1,0,1,4,0,1,0,39,2,2,0,0,0,9,0,0,1,0,1,0,0,0.0,1,999,0,0,0,0,1,0,0,0,0,2,0,0,0,0,0,0,0,0,0,99,0
410053,1,1,1,51,3,4,2011,23,13,6,45.55644722,-122.56884722,8,0,1,1,1,0,3,2,0,1,1,41,1,1,0,0,0,9,0,0,1,0,0,0,0,0.0,1,999,1,2,1,0,1,0,0,0,1,0,0,0,0,0,0,0,0,0,0,99,7
410054,1,0,1,43,3,6,2011,16,11,1,44.51157222,-123.06151111,1,0,1,1,3,0,1,2,0,1,0,58,1,0,0,0,0,9,0,0,0,0,0,0,0,1.0,1,999,0,0,0,0,0,0,0,1,0,0,0,0,0,0,0,0,0,0,0,99,0
410055,2,0,2,51,3,6,2011,12,13,2,45.50126111,-122.66430556,12,2,1,1,1,0,1,2,0,1,0,56,2,0,0,0,0,0,2,0,0,0,0,0,0,0.0,1,999,0,0,0,1,0,0,0,0,0,0,0,0,2,0,0,0,0,0,0,99,0
410056,2,0,4,41,3,6,2011,20,13,2,44.65729722,-124.05324167,12,6,1,1,1,8,8,98,0,1,1,29,2,2,0,0,0,9,0,1,1,0,0,0,0,0.0,0,999,1,0,0,1,9,0,0,0,0,0,0,0,0,0,2,0,0,0,0,15,0
410057,1,1,1,5,3,1,2011,21,6,4,45.15603611,-122.503725,8,0,1,1,1,0,3,10,0,1,0,41,0,2,0,0,0,9,1,0,0,0,0,0,0,0.0,0,999,0,0,0,0,0,0,0,0,1,0,0,0,0,0,0,0,0,0,0,99,0
410058,1,1,1,5,3,3,2011,15,3,3,45.15020833,-122.63238611,9,0,1,1,1,0,1,10,0,1,0,46,2,0,0,0,0,9,0,0,1,0,0,0,0,0.0,99,999,0,1,0,2,9,0,0,0,1,0,0,0,0,0,0,0,0,0,0,99,7
410059,1,0,3,29,3,4,2011,13,4,4,42.02274444,-123.16398056,1,0,1,1,4,0,1,10,0,1,0,17,3,0,0,0,0,9,0,1,0,0,0,0,0,0.0,0,999,0,0,0,0,1,0,0,1,0,0,0,0,0,0,0,0,0,0,0,99,0
410061,1,0,1,39,3,5,2011,12,4,4,44.18741389,-122.90205,42,0,1,1,5,0,1,2,0,1,0,72,1,0,0,0,0,9,1,0,0,0,0,0,0,0.0,0,999,0,0,0,0,0,0,0,1,0,0,0,0,0,0,0,0,0,0,0,99,0
410062,1,0,3,19,3,7,2011,2,4,4,43.41895556,-123.56898611,1,0,1,1,4,0,2,10,0,2,1,31,3,0,0,0,0,9,0,1,0,0,0,0,0,0.0,0,999,1,0,0,0,1,0,0,1,0,0,0,0,0,0,0,0,0,0,0,99,0
410063,2,0,2,5,1,7,2011,1,15,6,45.44418889,-122.56888056,12,6,1,1,1,0,3,10,0,1,1,28,2,0,0,0,0,9,1,0,1,0,0,0,0,0.0,0,999,1,0,0,0,1,0,0,0,0,0,0,0,0,0,2,0,0,0,0,99,0
410064,1,1,2,51,3,7,2011,11,13,3,45.51005278,-122.57865278,8,0,3,2,4,0,1,10,0,1,0,57,3,0,0,0,0,9,1,0,0,0,0,0,0,0.0,0,999,0,0,0,0,0,0,0,0,1,0,0,0,0,0,0,0,0,0,0,99,3
410065,7,0,14,27,3,1,2011,17,1,1,45.65696389,-121.90023611,12,1,1,1,1,0,1,2,0,1,0,34,8,6,0,0,0,9,6,0,1,0,0,0,0,0.0,1,999,0,0,0,4,1,0,0,0,0,2,0,0,0,0,0,0,0,0,5,99,0
410066,3,0,3,47,3,2,2011,16,13,6,44.93310278,-123.01173056,12,6,1,1,1,0,1,10,0,1,0,50,1,2,0,0,0,0,1,0,0,0,0,1,0,1.0,1,999,0,1,0,2,0,0,0,0,0,0,0,0,0,0,2,0,0,0,1,99,0
410067,1,0,1,39,4,7,2011,3,4,4,44.046575,-123.21195833,42,0,1,1,5,0,2,1,0,1,1,23,1,0,0,0,0,9,1,0,0,0,0,0,0,0.0,0,999,1,0,0,0,0,0,1,0,0,0,0,0,0,0,0,0,0,0,0,99,0
410068,1,0,1,11,4,7,2011,23,14,6,43.34465278,-124.22829167,30,0,1,1,4,0,2,10,0,1,1,34,1,0,0,0,0,9,1,0,0,0,0,0,0,0.0,0,999,1,0,0,0,1,99,1,0,0,0,0,0,0,0,0,0,0,0,0,99,0
410070,1,1,1,51,4,7,2011,10,14,6,45.56276389,-122.60063889,8,0,2,2,1,0,1,10,0,1,0,75,0,2,0,0,0,9,1,0,0,0,0,0,0,0.0,0,999,0,0,0,0,0,0,0,0,1,0,0,0,0,0,0,0,0,0,0,99,7
410071,2,0,2,5,4,2,2011,10,3,3,45.19812778,-122.58092222,12,2,2,3,1,0,1,10,0,1,0,46,2,0,0,0,0,9,1,0,0,0,1,0,0,0.0,1,999,0,2,0,1,0,0,0,0,0,0,0,0,2,0,0,0,0,0,0,99,0
410072,3,0,3,53,4,4,2011,9,2,3,44.97294167,-123.30783333,12,2,1,1,1,0,1,10,0,1,0,53,3,0,0,0,0,9,0,2,0,0,1,0,0,0.0,1,999,0,0,0,2,0,0,0,0,0,0,0,0,2,0,0,0,0,0,1,99,0
410073,2,0,2,47,4,4,2011,13,14,6,44.88301667,-123.03703333,12,6,2,2,1,1,1,10,0,1,0,62,2,0,0,0,0,0,2,0,0,0,0,0,0,0.0,0,999,0,0,0,2,0,0,0,0,0,0,0,0,0,0,0,0,0,2,0,99,0
410074,2,0,2,29,4,5,2011,12,4,4,42.38560833,-122.974275,12,2,2,3,1,0,1,10,0,1,0,30,2,0,0,0,0,9,0,1,0,0,0,0,0,1.0,0,999,0,1,0,0,1,0,0,0,0,0,0,0,0,0,0,2,0,0,0,99,0
410075,1,0,3,43,4,5,2011,21,16,6,44.39346389,-122.69070556,1,0,1,1,5,0,2,2,0,1,1,20,1,2,0,0,0,9,1,0,0,0,0,0,0,0.0,0,999,1,1,0,0,1,0,1,0,0,0,0,0,0,0,0,0,0,0,0,99,0
410076,1,1,1,47,4,7,2011,20,13,3,45.132625,-122.84785556,8,0,1,1,1,0,2,1,0,1,1,56,1,1,0,0,0,9,1,0,0,0,0,0,0,0.0,0,999,1,0,0,0,0,0,0,0,1,0,0,0,0,0,0,0,0,0,0,99,0
410077,1,0,1,51,4,2,2011,22,14,6,45.47935,-122.56696111,33,0,1,1,4,0,3,10,0,1,1,28,1,0,0,0,0,9,0,0,0,0,0,0,0,1.0,0,999,1,1,0,0,1,0,1,0,0,0,0,0,0,0,0,0,0,0,0,99,0
410078,1,0,1,17,4,6,2011,19,3,4,44.24006944,-121.2887,53,0,1,1,5,0,1,1,0,1,1,51,1,0,0,0,0,1,0,0,0,0,0,0,0,1.0,0,999,1,0,0,0,0,0,1,0,0,0,0,0,0,0,0,0,0,0,0,99,0
410079,3,0,4,51,4,6,2011,9,14,6,45.51653056,-122.658675,12,6,2,2,1,0,1,1,0,1,0,55,1,3,0,0,0,9,3,0,0,0,0,0,0,0.0,1,999,0,0,0,0,0,0,0,0,0,0,0,0,0,0,0,0,0,2,1,99,0
410080,2,0,4,47,4,1,2011,16,2,4,45.23049167,-122.84045,12,6,2,2,1,0,1,10,0,1,0,79,1,3,0,0,0,0,1,1,0,0,0,0,0,0.0,0,999,0,0,0,0,0,0,0,0,0,0,0,0,0,0,0,0,0,2,0,99,0
410082,1,0,2,7,4,2,2011,22,16,6,45.9938,-123.92501389,3,0,1,1,5,0,3,2,0,2,1,32,1,1,0,0,0,9,0,0,1,0,0,0,0,0.0,1,999,1,0,0,0,0,0,1,0,0,0,0,0,0,0,0,0,0,0,0,99,0
410083,1,0,1,19,4,5,2011,22,1,1,43.58882222,-123.25196944,35,0,1,1,4,0,2,2,0,1,1,63,1,0,0,0,0,9,0,1,0,0,0,0,0,0.0,0,999,1,0,0,0,9,0,1,0,0,0,0,0,0,0,0,0,0,0,0,99,0
410084,2,0,3,29,4,6,2011,12,11,1,42.27785833,-122.81130556,12,2,1,1,1,0,1,10,0,1,0,60,3,0,0,0,0,9,1,0,0,0,0,1,0,0.0,0,999,0,0,0,0,0,0,0,0,0,0,0,0,2,0,0,0,0,0,0,99,0
410085,1,1,1,33,4,7,2011,22,3,3,42.42467778,-123.26304444,8,0,1,1,1,0,2,1,0,1,0,57,2,0,0,0,0,9,0,1,0,0,0,0,0,0.0,0,999,0,0,0,0,0,0,0,0,1,0,0,0,0,0,0,0,0,0,0,99,0
410086,1,0,1,19,5,7,2011,2,3,3,43.57718889,-123.55659722,42,0,1,1,4,0,3,10,0,1,1,51,1,0,0,0,0,9,1,0,0,0,0,0,0,0.0,1,999,1,0,1,0,9,0,1,0,0,0,0,0,0,0,0,0,0,0,0,99,0
410087,2,0,3,5,5,7,2011,21,3,3,45.07506389,-122.68445556,12,6,1,1,1,0,3,1,0,1,0,63,2,1,0,0,0,9,2,0,0,0,0,0,0,0.0,0,999,0,1,0,2,1,0,0,0,0,0,0,0,0,0,2,0,0,0,0,99,0
410088,1,0,2,45,5,2,2011,12,1,1,44.09361944,-117.03130833,1,0,1,1,3,0,1,1,0,1,0,62,1,1,0,0,0,9,0,0,1,0,0,0,0,0.0,1,999,0,0,0,0,0,0,0,1,0,0,0,0,0,0,0,0,0,0,0,99,0
410089,1,0,1,11,5,3,2011,18,5,6,43.58294722,-124.17893056,32,0,1,1,4,0,1,1,0,1,1,48,1,0,0,0,0,9,0,0,1,0,0,0,0,0.0,0,999,1,0,0,0,9,0,1,0,0,0,0,0,0,0,0,0,0,0,0,99,0
410090,2,0,2,33,5,4,2011,14,2,2,42.38335833,-123.47791111,12,6,1,1,1,0,1,10,0,1,0,60,2,0,0,0,0,9,1,0,0,0,1,0,0,0.0,1,999,0,0,0,0,0,0,0,0,0,0,0,0,0,0,2,0,0,0,0,99,0
410091,1,0,2,39,3,1,2011,2,15,3,43.99001944,-123.01150278,5,0,1,1,1,0,3,98,0,1,1,46,1,1,0,0,0,9,0,1,0,0,0,0,0,0.0,0,999,1,0,0,0,9,0,1,0,0,0,0,0,0,0,0,0,0,0,0,99,0
410092,1,0,1,47,5,6,2011,99,4,4,44.86516389,-123.12412222,1,0,1,1,4,0,9,99,0,1,1,26,0,1,0,0,0,9,1,0,0,0,0,0,0,0.0,0,999,1,0,0,0,1,99,0,1,0,0,0,0,0,0,0,0,0,0,0,99,0
410093,1,0,1,1,5,6,2011,15,4,3,44.81026667,-117.66928333,35,0,1,1,4,0,1,1,0,1,0,64,1,0,0,0,0,9,0,0,0,0,0,0,0,1.0,0,999,0,0,0,0,0,0,1,0,0,0,0,0,0,0,0,0,0,0,0,99,0
410094,2,0,2,39,5,7,2011,13,13,3,44.04563333,-122.90378333,12,6,2,2,1,0,1,10,0,1,0,66,2,0,0,0,0,9,0,1,1,0,0,0,0,0.0,0,999,0,0,0,1,0,0,0,0,0,0,0,0,0,0,0,2,0,0,0,99,0
410095,1,0,1,17,5,7,2011,14,16,2,44.08039167,-121.30182778,17,0,1,1,8,0,1,2,0,1,1,49,1,0,0,0,0,9,0,0,0,0,0,0,0,1.0,0,999,1,0,0,0,1,0,0,1,0,0,0,0,0,0,0,0,0,0,0,99,0
410096,2,0,2,27,5,1,2011,11,4,4,45.54530556,-121.57904444,12,6,1,1,1,0,1,2,0,1,0,57,2,0,0,0,0,9,0,2,0,0,0,0,0,0.0,0,999,0,0,0,0,0,0,0,0,0,0,0,0,0,0,2,0,0,0,0,99,0
410097,2,0,2,19,5,3,2011,14,3,3,43.30291667,-123.16139167,12,2,1,1,1,0,1,10,0,1,0,38,2,0,0,0,0,9,2,0,0,0,0,0,0,0.0,0,999,0,0,0,0,0,0,0,0,0,0,0,0,2,0,0,0,0,0,0,99,0
410098,1,0,1,33,5,3,2011,17,6,4,42.56582222,-123.39936944,42,0,1,1,5,0,1,2,0,1,1,58,1,0,0,0,0,9,0,1,0,0,0,0,0,0.0,0,999,1,0,1,0,1,0,1,0,0,0,0,0,0,0,0,0,0,0,0,99,69
410099,1,1,1,5,5,5,2011,13,3,3,45.15106389,-122.66103889,9,0,1,1,1,1,1,1,0,1,0,49,2,0,0,0,0,9,0,0,0,0,1,0,0,0.0,1,999,0,0,0,0,0,0,0,0,1,0,0,0,0,0,0,0,0,0,0,99,0
410100,1,0,1,5,5,5,2011,15,3,3,45.14430833,-122.75225278,34,0,1,1,4,1,1,1,0,1,0,63,1,0,0,0,0,9,0,0,0,0,0,0,0,1.0,0,999,0,0,0,0,0,0,0,1,0,0,0,0,0,0,0,0,0,0,0,99,0
410101,2,0,3,15,5,6,2011,16,2,2,42.01466944,-124.21765556,12,2,1,1,1,0,1,10,0,1,0,60,1,2,0,0,0,9,0,2,0,0,0,0,0,0.0,1,999,0,0,0,0,9,0,0,0,0,0,0,0,2,0,0,0,0,0,0,99,0
410102,1,0,1,59,5,6,2011,17,14,6,45.91053056,-119.34394167,17,0,1,1,4,0,1,1,0,1,1,56,1,0,0,0,0,9,0,0,0,0,0,0,0,1.0,0,999,1,0,0,0,9,99,1,0,0,0,0,0,0,0,0,0,0,0,0,99,0
410103,1,0,1,51,5,6,2011,3,15,6,45.52259167,-122.53939167,1,0,1,1,4,0,2,1,0,1,1,31,1,0,0,0,0,9,1,0,0,0,0,0,0,0.0,0,999,1,1,0,1,0,0,0,1,0,0,0,0,0,0,0,0,0,0,0,99,0
410104,2,0,2,5,5,7,2011,19,5,4,45.33969167,-122.18296667,12,2,1,1,1,0,5,10,0,1,1,41,2,0,0,0,0,9,0,2,0,0,0,0,0,0.0,1,999,1,0,1,0,1,0,0,0,0,0,0,0,2,0,0,0,0,0,0,99,0
410105,1,1,1,57,5,2,2011,20,2,2,45.57157778,-123.94311389,8,0,1,1,1,0,5,1,0,1,0,55,2,0,0,0,0,9,0,0,0,0,1,0,0,0.0,1,999,0,1,0,0,0,0,0,0,1,0,0,0,0,0,0,0,0,0,0,99,0
410107,1,0,2,45,5,6,2011,5,3,2,43.93277222,-117.00591389,1,0,1,1,4,0,4,2,0,2,1,22,0,2,0,0,0,9,0,1,0,0,0,0,0,0.0,0,999,1,0,0,0,0,0,0,1,0,0,0,0,0,0,0,0,0,0,0,99,0
410108,3,0,4,55,5,7,2011,14,2,2,45.14198056,-120.68743333,12,2,1,1,1,0,1,1,0,1,0,56,3,1,0,0,1,0,1,1,0,0,1,0,0,0.0,1,999,0,0,0,0,0,0,0,0,0,0,0,0,2,0,0,0,0,0,1,99,0
410109,1,1,1,17,5,1,2011,22,13,2,43.67948333,-121.496275,8,0,1,1,1,0,3,1,0,1,0,58,2,0,0,0,0,9,0,1,0,0,0,0,0,0.0,0,999,0,0,0,1,0,0,0,0,1,0,0,0,0,0,0,0,0,0,0,99,0
410110,2,0,3,51,5,1,2011,16,14,2,45.56991667,-122.68529167,12,2,2,3,1,0,1,1,0,1,0,30,3,0,0,0,0,9,2,0,0,0,0,0,0,0.0,0,999,0,1,0,2,0,99,0,0,0,0,0,0,0,0,0,2,0,0,0,99,0
410111,1,0,3,47,5,3,2011,20,4,4,44.82936111,-122.87392222,42,0,1,1,4,0,5,10,0,2,1,21,2,1,0,0,0,9,1,0,0,0,0,0,0,0.0,0,999,1,0,0,0,1,0,0,1,0,0,0,0,0,0,0,0,0,0,0,99,0
410112,3,0,6,35,6,4,2011,11,2,2,42.41466944,-121.83835278,12,2,1,1,1,0,1,3,0,1,0,57,1,5,0,0,0,9,2,1,0,0,0,0,0,0.0,1,999,0,0,0,1,1,0,0,0,0,0,0,0,2,0,0,0,0,0,1,99,0
410113,1,0,3,41,6,3,2011,17,6,4,44.89795833,-123.98700278,1,0,1,1,4,0,1,1,0,1,0,17,2,1,0,0,0,9,0,0,1,0,0,0,0,0.0,0,999,0,0,0,0,1,99,1,0,0,0,0,0,0,0,0,0,0,0,0,99,0
410114,6,0,7,17,6,4,2011,17,13,2,44.24125556,-121.19429444,12,7,1,1,1,0,1,1,0,1,0,40,2,5,0,0,0,9,4,1,1,0,0,0,0,0.0,0,999,0,0,0,2,0,0,0,0,0,0,0,2,0,0,0,0,0,0,4,99,0
410115,2,0,3,17,5,6,2011,17,2,2,43.76786944,-121.452975,12,6,2,2,1,0,1,1,0,1,0,44,2,1,0,0,0,9,2,0,0,0,0,0,0,0.0,0,999,0,0,0,0,0,0,0,0,0,0,0,0,0,0,0,0,0,2,0,99,15
410116,2,0,2,51,6,4,2011,13,15,6,45.48980833,-122.55856944,14,0,1,1,2,0,1,1,0,1,0,77,1,1,0,0,0,0,1,0,0,0,0,0,0,0.0,0,999,0,0,0,0,0,0,1,0,0,0,0,0,0,0,0,0,0,0,0,99,0
410117,5,0,11,61,6,4,2011,14,2,3,45.43331111,-117.32050833,12,6,1,1,1,1,1,10,0,1,0,60,6,5,0,0,0,9,1,2,1,0,1,0,0,0.0,1,999,0,0,0,0,0,0,0,0,0,0,0,0,0,0,2,0,0,0,3,99,0
410118,1,1,1,27,6,6,2011,12,16,6,45.71029722,-121.51394167,15,0,1,1,1,0,1,1,0,1,0,35,2,0,0,0,0,9,0,0,0,0,1,0,0,0.0,1,999,0,0,0,1,0,0,0,0,1,0,0,0,0,0,0,0,0,0,0,99,0
410119,1,0,1,61,6,7,2011,2,4,4,45.49402778,-118.05585,42,0,1,1,4,0,2,1,0,1,1,23,1,0,0,0,0,9,1,0,0,0,0,0,0,0.0,0,999,1,1,0,0,1,99,0,1,0,0,0,0,0,0,0,0,0,0,0,99,0
410120,2,0,3,5,6,1,2011,16,3,4,45.20866111,-122.67869722,12,6,1,1,1,0,1,2,0,1,0,44,1,2,0,0,0,0,1,0,1,0,0,0,0,0.0,0,999,0,0,0,0,1,0,0,0,0,0,0,0,0,0,2,0,0,0,0,99,0
410121,1,0,1,29,6,2,2011,14,6,4,42.05298611,-122.65111667,1,0,1,1,5,0,1,1,0,1,0,67,1,0,0,0,0,9,0,0,1,0,0,0,0,0.0,0,999,0,0,0,1,0,99,0,1,0,0,0,0,0,0,0,0,0,0,0,99,0
410122,1,1,1,17,6,2,2011,15,14,6,44.06636944,-121.30070833,8,0,4,1,1,0,1,1,0,1,0,67,1,1,0,0,0,0,0,1,0,0,0,0,0,0.0,0,999,0,0,0,0,0,0,0,0,1,0,0,0,0,0,0,0,0,0,0,1,0
410123,3,0,3,51,6,3,2011,14,15,6,45.58968056,-122.57629444,12,2,1,1,1,0,1,10,0,1,0,39,2,1,0,0,0,9,2,0,0,0,1,0,0,0.0,1,999,0,0,0,0,0,0,0,0,0,0,0,0,2,0,0,0,0,0,1,99,0
410124,2,0,3,7,6,3,2011,15,14,3,46.17327778,-123.83819167,12,1,1,1,1,0,1,10,0,1,0,73,2,1,0,0,0,9,0,1,0,0,1,0,0,0.0,0,999,0,0,0,0,0,0,0,0,0,2,0,0,0,0,0,0,0,0,0,99,0
410125,1,0,1,33,6,1,2011,15,4,3,42.433225,-123.48804722,1,0,1,1,4,0,1,1,0,1,1,42,0,1,0,0,0,9,0,0,1,0,0,0,0,0.0,0,999,1,0,0,0,9,0,1,0,0,0,0,0,0,0,0,0,0,0,0,99,0
410126,2,0,3,51,6,2,2011,18,15,6,45.53866667,-122.57245278,12,6,2,2,1,0,1,1,0,1,0,33,3,0,0,0,0,0,0,0,1,0,0,0,0,1.0,1,999,0,0,0,2,1,0,0,0,0,0,0,0,0,0,0,0,0,2,0,99,0
410127,1,0,1,5,6,2,2011,15,15,4,45.42851944,-122.56314444,1,0,1,1,1,0,1,10,0,1,0,55,1,0,0,0,0,9,0,0,0,0,0,0,0,1.0,1,999,0,0,0,0,9,0,0,0,0,0,0,0,0,0,0,0,0,0,1,99,0
410128,1,0,1,65,6,3,2011,15,2,2,44.88203611,-121.43094722,17,0,1,1,4,0,1,1,0,1,0,43,1,0,0,0,0,9,0,1,0,0,0,0,0,0.0,0,999,0,0,0,0,9,0,0,1,0,0,0,0,0,0,0,0,0,0,0,99,0
410129,2,0,4,35,6,4,2011,15,2,3,42.391725,-121.36991389,12,1,2,3,1,0,1,1,0,1,0,33,2,2,0,0,0,0,1,0,0,0,0,0,0,1.0,0,999,0,0,0,1,0,0,0,0,0,2,0,0,0,0,0,0,0,0,0,99,0
410130,2,0,8,33,6,6,2011,16,1,1,42.64063611,-123.38800278,12,7,1,1,1,0,1,1,0,1,0,148,3,5,0,0,0,9,0,0,1,0,1,0,0,0.0,1,999,0,0,0,0,0,0,0,0,0,0,0,2,0,0,0,0,0,0,0,99,0
410131,2,0,2,59,6,7,2011,13,4,4,45.86351111,-119.31288889,12,2,1,1,1,0,1,1,0,1,0,26,2,0,0,0,0,9,1,0,0,0,1,0,0,0.0,0,999,0,0,0,0,0,0,0,0,0,0,0,0,2,0,0,0,0,0,0,99,0
410133,2,0,3,39,6,1,2011,17,14,6,44.02706389,-123.11781389,12,6,2,2,1,0,1,1,0,1,0,58,2,1,0,0,0,9,1,0,0,0,0,0,0,1.0,0,999,0,0,0,0,9,0,0,0,0,0,0,0,0,0,0,0,0,2,0,99,0
410134,1,1,4,5,6,3,2011,21,13,2,45.40038333,-122.27822222,8,0,2,3,1,0,3,1,0,1,0,61,2,3,0,0,0,9,1,0,0,0,0,0,0,0.0,0,999,0,0,0,0,0,0,0,0,1,0,0,0,0,0,0,0,0,0,0,99,0
410135,1,0,1,31,6,3,2011,8,2,2,44.51448056,-121.18436389,24,0,1,1,4,0,1,98,0,1,0,54,1,0,0,0,0,9,0,0,0,0,1,0,0,0.0,1,999,0,0,0,0,9,0,1,0,0,0,0,0,0,0,0,0,0,0,0,99,0
410136,1,0,1,59,6,5,2011,12,3,3,45.81596111,-119.31115833,24,0,1,1,4,0,1,1,0,1,0,25,1,0,0,0,0,9,0,0,0,0,0,0,0,1.0,0,999,0,1,1,1,1,0,0,1,0,0,0,0,0,0,0,0,0,0,0,99,0
410137,2,1,0,41,6,5,2011,14,6,4,44.29419444,-123.67465278,8,0,1,1,1,0,1,98,0,1,0,28,0,1,0,0,0,9,0,1,0,0,0,0,0,0.0,0,999,0,0,0,0,9,99,0,0,1,0,0,0,0,0,0,0,0,0,0,16,99
410138,1,0,1,5,5,2,2011,23,2,2,45.302675,-121.76686111,24,0,1,1,4,0,2,2,0,1,1,33,1,0,0,0,0,9,0,1,0,0,0,0,0,0.0,0,999,1,0,0,0,9,0,0,1,0,0,0,0,0,0,0,0,0,0,0,99,0
410139,2,0,2,39,6,2,2011,8,13,3,44.045775,-122.95618889,12,2,1,1,1,0,1,10,0,1,0,61,0,2,0,0,0,9,1,0,0,0,1,0,0,0.0,1,999,0,0,0,0,0,0,0,0,0,0,0,0,2,0,0,0,0,0,0,99,0
410140,1,1,1,39,6,7,2011,11,13,3,44.045675,-122.91868056,9,0,2,3,1,0,1,1,0,1,0,43,1,1,0,0,0,9,0,1,0,0,0,0,0,0.0,0,999,0,0,0,0,0,0,0,0,1,0,0,0,0,0,0,0,0,0,0,99,0
410141,1,0,1,47,6,7,2011,0,3,3,45.08063889,-122.91941111,42,0,1,1,4,0,3,1,0,1,1,54,0,1,0,0,0,9,1,0,0,0,0,0,0,0.0,0,999,1,0,0,0,1,0,0,1,0,0,0,0,0,0,0,0,0,0,0,99,0
410142,1,0,3,47,6,7,2011,7,11,1,44.86077778,-123.01052222,1,0,1,1,1,0,1,1,0,2,0,19,3,0,0,0,0,9,0,0,1,0,0,0,0,0.0,0,999,0,0,0,2,0,0,0,0,0,0,0,0,0,0,0,0,0,0,1,99,0
410143,1,0,1,67,7,6,2011,6,3,4,45.48479722,-123.02146667,30,0,1,1,4,0,1,1,0,1,1,22,1,0,0,0,0,9,0,1,0,0,0,0,0,0.0,0,999,1,0,0,0,1,99,0,1,0,0,0,0,0,0,0,0,0,0,0,99,0
410144,1,0,1,25,7,1,2011,3,3,4,42.048225,-118.61194444,1,0,1,1,4,0,2,1,0,1,1,30,1,0,0,0,0,9,0,1,0,0,0,0,0,0.0,0,999,1,0,0,0,1,0,0,1,0,0,0,0,0,0,0,0,0,0,0,99,0
410145,1,0,1,17,7,2,2011,99,5,4,44.21801667,-121.58153056,42,0,1,1,4,0,2,1,0,1,1,32,1,0,0,0,0,9,1,0,0,0,0,0,0,0.0,0,999,1,1,0,0,1,0,0,1,0,0,0,0,0,0,0,0,0,0,0,99,0
410146,1,0,1,17,7,3,2011,16,2,2,43.83889444,-121.421625,42,0,1,1,4,0,1,1,0,1,0,79,1,0,0,0,0,9,0,0,1,0,0,0,0,0.0,0,999,0,0,0,0,9,0,1,0,0,0,0,0,0,0,0,0,0,0,0,99,0
410147,1,0,2,29,7,5,2011,12,1,1,42.42605833,-123.04281944,34,0,1,1,4,0,1,1,0,1,0,79,1,1,0,0,0,0,1,0,0,0,0,0,0,0.0,1,999,0,0,0,0,0,0,1,0,0,0,0,0,0,0,0,0,0,0,0,99,0
410148,1,1,1,29,7,6,2011,10,13,3,42.36081389,-122.85911111,8,0,2,2,1,0,1,1,0,1,0,38,2,0,0,0,0,9,0,1,0,0,0,0,0,0.0,0,999,0,0,0,0,0,0,0,0,1,0,0,0,0,0,0,0,0,0,0,99,0
410149,1,0,1,39,7,6,2011,16,4,3,43.83115833,-123.04505,34,0,1,1,4,0,1,1,0,1,0,64,1,0,0,0,0,0,0,0,0,0,0,0,0,1.0,0,999,0,0,0,1,0,0,1,0,0,0,0,0,0,0,0,0,0,0,0,99,0
410150,1,0,1,71,7,7,2011,3,4,4,45.32905833,-123.02273611,1,0,1,1,5,0,2,1,0,1,0,20,1,0,0,0,0,9,0,0,1,0,0,0,0,0.0,0,999,0,0,0,1,1,0,1,0,0,0,0,0,0,0,0,0,0,0,0,99,0
410151,2,0,4,5,7,1,2011,21,14,6,45.25216389,-122.68697222,12,6,2,2,1,0,3,1,0,1,0,27,2,2,0,0,0,9,2,0,0,0,0,0,0,0.0,0,999,0,0,0,0,0,0,0,0,0,0,0,0,0,0,0,0,0,2,0,99,0
410152,3,0,7,67,7,2,2011,15,3,3,45.62096111,-123.25819167,12,2,1,1,1,0,1,10,0,1,0,45,5,2,0,0,0,9,2,1,0,0,0,0,0,0.0,0,999,0,0,0,0,9,0,0,0,0,0,0,0,2,0,0,0,0,0,1,99,0
410153,2,0,3,53,7,2,2011,21,4,4,45.0355,-123.18470278,12,2,1,1,1,0,5,10,0,1,0,18,2,1,0,0,0,0,2,0,0,0,0,0,0,0.0,0,999,0,0,0,1,0,0,0,0,0,0,0,0,2,0,0,0,0,0,0,99,0
410154,1,0,1,37,7,7,2011,12,5,4,43.11160556,-121.23269444,42,0,1,1,4,0,1,1,0,1,1,53,1,0,0,0,0,0,0,0,0,0,0,0,0,1.0,0,999,1,0,0,0,0,0,1,0,0,0,0,0,0,0,0,0,0,0,0,4,0
410155,2,0,2,57,7,7,2011,13,2,2,45.22916389,-123.87058056,12,2,1,1,1,0,1,10,0,1,0,58,2,0,0,0,0,9,0,1,0,0,0,0,0,1.0,0,999,0,0,0,0,0,0,0,0,0,0,0,0,2,0,0,0,0,0,0,99,0
410156,2,0,2,19,7,1,2011,10,2,3,43.63834167,-123.56946389,12,2,1,1,1,0,1,2,0,1,0,62,2,0,0,0,0,9,0,1,0,0,1,0,0,0.0,1,999,0,1,0,1,0,0,0,0,0,0,0,0,2,0,0,0,0,0,0,99,0
410157,2,0,2,51,7,4,2011,12,14,6,45.45486389,-122.74084167,12,6,2,2,1,0,1,1,0,1,0,57,1,1,0,0,0,9,0,1,0,0,0,0,0,1.0,0,999,0,0,0,0,0,0,0,0,0,0,0,0,0,0,0,0,0,2,0,99,0
410158,1,0,2,49,7,1,2011,17,1,1,45.83871667,-119.69465556,1,0,1,1,3,1,1,1,0,1,0,44,1,1,0,0,0,9,1,0,0,0,0,0,0,0.0,0,999,0,0,0,0,0,0,0,1,0,0,0,0,0,0,0,0,0,0,0,99,0
410159,1,0,1,67,7,1,2011,14,3,3,45.36211667,-122.95583333,42,0,1,1,4,0,1,1,0,1,0,62,1,0,0,0,0,0,0,0,0,0,0,0,0,1.0,0,999,0,0,0,0,1,0,1,0,0,0,0,0,0,0,0,0,0,0,0,99,0
410161,1,0,1,41,7,6,2011,99,6,4,44.48588889,-123.82543333,35,0,1,1,4,0,1,1,0,1,0,40,1,0,0,0,0,9,0,0,0,0,1,0,0,0.0,0,999,0,1,0,0,1,99,0,1,0,0,0,0,0,0,0,0,0,0,0,99,0
410162,2,0,2,71,6,3,2011,17,2,3,45.11258056,-123.32162222,12,2,1,1,1,0,1,10,0,1,0,34,2,0,0,0,0,0,0,0,2,0,0,0,0,0.0,0,999,0,1,0,0,0,0,0,0,0,0,0,0,2,0,0,0,0,0,0,99,0
410163,1,0,1,71,7,5,2011,21,5,4,45.28492222,-123.14127222,34,0,1,1,4,0,2,1,0,1,1,40,1,0,0,0,0,9,0,0,0,0,0,0,0,1.0,0,999,1,0,0,1,1,0,1,0,0,0,0,0,0,0,0,0,0,0,0,99,0
410164,1,1,1,67,8,2,2011,12,16,6,45.52391944,-122.98795833,8,0,2,2,1,0,1,1,0,1,0,56,1,1,0,0,0,0,0,1,0,0,0,0,0,0.0,0,999,0,0,0,0,0,0,0,0,1,0,0,0,0,0,0,0,0,0,0,1,46
410165,1,1,1,5,8,3,2011,14,3,3,45.14430833,-122.76173056,8,0,1,1,1,0,1,1,0,1,0,48,0,2,0,0,0,9,1,0,0,0,0,0,0,0.0,0,999,0,1,0,0,0,0,0,0,1,0,0,0,0,0,0,0,0,0,0,99,0
410166,2,0,2,39,8,4,2011,19,3,3,44.20736944,-123.20393333,12,6,2,3,1,0,1,1,0,1,0,36,1,1,0,0,0,9,1,0,0,0,1,0,0,0.0,0,999,0,0,0,0,0,0,0,0,0,0,0,0,0,0,0,0,0,2,0,99,0
410167,1,2,1,67,8,4,2011,20,3,4,45.58856944,-122.94736944,9,0,1,1,1,0,5,1,0,1,0,27,2,1,0,0,0,9,0,1,0,0,0,0,0,0.0,0,999,0,0,0,1,0,0,0,0,1,0,0,0,0,0,0,0,0,0,0,99,0
410168,1,1,1,17,8,5,2011,0,13,2,44.24313333,-121.19246944,8,0,1,1,1,0,2,1,0,1,0,39,2,0,0,0,0,9,0,0,0,0,1,0,0,0.0,1,999,0,0,0,0,0,0,0,0,1,0,0,0,0,0,0,0,0,0,0,99,0
410169,1,1,1,57,8,5,2011,11,2,2,45.57062778,-123.94267778,9,0,1,1,1,0,1,1,0,1,0,73,2,0,0,0,0,9,0,0,0,0,1,0,0,0.0,1,999,0,0,0,1,0,0,0,0,1,0,0,0,0,0,0,0,0,0,0,99,0
410170,1,0,1,5,7,2,2011,21,15,6,45.45178333,-122.466775,34,0,2,3,4,0,5,1,0,1,0,16,1,0,0,0,0,9,0,0,0,0,0,0,0,1.0,0,999,0,0,0,0,0,0,1,0,0,0,0,0,0,0,0,0,0,0,0,99,0
410171,1,1,1,5,7,7,2011,1,15,4,45.42387222,-122.54648611,9,0,1,1,1,0,3,1,0,1,0,23,2,0,0,0,0,9,1,0,0,0,0,0,0,0.0,0,999,0,0,0,1,1,0,0,0,1,0,0,0,0,0,0,0,0,0,0,99,1
410172,1,0,5,67,8,7,2011,2,13,3,45.5081,-122.778475,25,0,1,1,3,0,3,1,0,1,1,23,2,3,0,0,0,9,0,0,1,0,0,0,0,0.0,0,999,1,0,0,0,1,0,0,1,0,0,0,0,0,0,0,0,0,0,0,99,1
410173,1,0,1,11,8,4,2011,18,2,3,43.03215278,-124.11226389,1,0,1,1,1,0,1,1,0,1,0,39,1,0,0,0,0,9,0,0,0,0,1,0,0,0.0,1,999,0,0,0,1,9,0,0,0,0,0,0,0,0,0,0,0,0,0,1,99,0
410174,1,0,4,35,8,5,2011,17,2,3,42.38915278,-121.37394722,35,0,1,1,4,0,1,1,0,1,0,31,3,1,0,0,0,0,1,0,0,0,0,0,0,0.0,0,999,0,0,0,0,0,0,0,1,0,0,0,0,0,0,0,0,0,0,0,99,72
410175,1,2,1,51,8,6,2011,1,15,6,45.50457778,-122.57425556,9,0,2,3,1,0,3,1,0,1,1,21,3,0,0,0,0,9,0,0,1,0,0,0,0,0.0,0,999,1,0,0,0,0,0,0,0,1,0,0,0,0,0,0,0,0,0,0,99,7
410176,2,0,4,33,8,6,2011,14,2,2,42.29508889,-123.61233611,12,2,1,1,1,0,1,1,0,1,1,57,4,0,0,0,0,9,1,0,1,0,0,0,0,0.0,0,999,1,0,0,0,0,0,0,0,0,0,0,0,2,0,0,0,0,0,0,99,0
410177,2,0,3,51,7,6,2011,15,15,6,45.46797222,-122.43598889,12,6,1,1,1,0,1,98,0,1,1,49,3,0,0,0,1,9,0,0,0,0,1,0,0,1.0,0,999,1,0,0,2,0,0,0,0,0,0,0,0,0,0,2,0,0,0,0,99,0
410178,1,1,1,67,8,7,2011,13,14,6,45.51745833,-122.94976389,8,0,1,1,1,0,1,1,0,1,0,62,0,2,0,0,0,0,1,0,0,0,0,0,0,0.0,0,999,0,0,0,0,0,0,0,0,1,0,0,0,0,0,0,0,0,0,0,4,0
410180,1,0,1,3,8,3,2011,19,13,3,44.57558056,-123.256875,1,0,1,1,5,0,5,1,0,1,1,35,1,0,0,0,0,9,0,0,1,0,0,0,0,0.0,0,999,1,0,0,0,1,0,1,0,0,0,0,0,0,0,0,0,0,0,0,99,0
410181,1,0,2,11,8,4,2011,21,6,4,43.45148889,-124.25708889,42,0,1,1,4,0,2,1,0,2,0,17,1,1,0,0,0,9,0,0,1,0,0,0,0,0.0,0,999,0,0,0,0,1,0,0,1,0,0,0,0,0,0,0,0,0,0,0,99,0
410182,1,1,1,31,8,5,2011,7,13,2,44.63353611,-121.12958333,8,0,2,3,1,0,1,1,0,1,0,35,2,0,0,0,0,0,0,1,0,0,0,0,0,0.0,0,999,0,0,0,0,0,0,0,0,1,0,0,0,0,0,0,0,0,0,0,1,49
410183,2,0,3,11,8,6,2011,1,2,2,43.50403611,-124.21808611,12,2,1,1,1,0,2,1,0,1,0,30,3,0,0,0,0,9,0,1,0,0,1,0,0,0.0,0,999,0,0,0,0,0,0,0,0,0,0,0,0,2,0,0,0,0,0,0,99,0
410184,1,1,2,5,8,6,2011,23,13,3,45.38946667,-122.61155556,8,0,1,1,1,0,3,1,0,1,0,50,1,2,0,0,0,9,0,1,0,0,0,0,0,0.0,1,999,0,0,0,2,0,0,0,0,1,0,0,0,0,0,0,0,0,0,0,99,0
410185,2,0,4,29,8,1,2011,15,1,1,42.40970278,-123.14401111,12,7,1,1,1,0,1,1,0,2,0,67,2,2,0,0,0,9,1,1,0,0,0,0,0,0.0,0,999,0,0,0,0,0,0,0,0,0,0,0,2,0,0,0,0,0,0,0,99,0
410186,1,0,1,29,8,7,2011,22,1,1,42.05055833,-122.60706389,1,0,1,1,3,0,2,1,0,1,0,61,0,1,0,0,0,0,0,1,0,0,0,0,0,0.0,1,999,0,1,0,0,1,0,0,1,0,0,0,0,0,0,0,0,0,0,0,99,0
410187,2,0,6,11,8,2,2011,13,4,4,43.10380556,-124.24581667,12,2,1,1,1,0,1,10,0,2,1,20,3,3,0,0,0,9,1,1,0,0,0,0,0,0.0,1,999,1,0,0,1,1,99,0,0,0,0,0,0,2,0,0,0,0,0,0,99,0
410188,1,0,2,47,8,3,2011,8,2,3,44.75971389,-122.31736944,1,0,1,1,4,0,1,1,0,1,0,67,1,1,0,0,0,9,1,0,0,0,0,0,0,0.0,0,999,0,0,0,0,9,0,0,1,0,0,0,0,0,0,0,0,0,0,0,99,0
410189,1,1,2,33,8,3,2011,20,6,4,42.69802778,-123.38331389,9,0,1,1,1,8,2,1,0,1,1,32,3,0,0,0,0,9,0,0,0,0,0,0,1,0.0,99,999,1,0,0,0,0,99,0,0,1,0,0,0,0,0,0,0,0,0,0,99,11
410190,1,0,2,65,8,6,2011,2,2,2,44.89667778,-120.93625556,1,0,1,1,4,0,2,1,0,1,1,22,1,1,0,0,0,9,1,0,0,0,0,0,0,0.0,0,999,1,0,0,0,1,0,1,0,0,0,0,0,0,0,0,0,0,0,0,99,0
410191,1,0,2,65,5,6,2011,14,2,2,45.108125,-121.56036111,42,0,1,1,4,0,1,1,0,1,0,33,1,1,0,0,0,9,0,0,1,0,0,0,0,0.0,0,999,0,0,0,0,0,0,1,0,0,0,0,0,0,0,0,0,0,0,0,99,0
410192,2,0,2,51,6,6,2011,12,1,1,45.53838333,-122.32023333,1,0,1,1,1,0,1,1,0,1,0,46,2,0,0,0,0,0,0,0,0,0,0,0,0,2.0,0,999,0,0,0,0,0,0,0,0,0,0,0,0,0,0,0,0,0,0,2,0,0
410193,1,0,3,9,6,7,2011,18,6,4,45.73523056,-122.85471389,5,0,1,1,1,0,1,1,0,1,1,27,2,1,0,0,0,9,0,1,0,0,0,0,0,0.0,99,999,1,0,0,0,0,99,1,0,0,0,0,0,0,0,0,0,0,0,0,99,11
410194,2,0,3,49,6,2,2011,17,2,2,45.89526389,-119.49457778,12,2,2,3,1,0,1,1,0,1,0,59,2,1,0,0,0,9,0,0,1,0,0,0,0,1.0,0,999,0,0,0,0,0,0,0,0,0,0,0,0,2,0,0,0,0,0,0,99,0
410195,1,0,2,11,8,5,2011,19,4,4,43.34750556,-124.28221667,1,0,1,1,5,0,1,1,0,1,1,33,1,1,0,0,0,9,0,1,0,0,0,0,0,0.0,0,999,1,0,0,0,1,99,0,1,0,0,0,0,0,0,0,0,0,0,0,99,1
410196,1,0,2,15,8,3,2011,11,2,2,42.77670833,-124.49600556,24,0,1,1,4,0,1,1,0,1,0,61,1,1,0,0,0,9,0,1,0,0,0,0,0,0.0,0,999,0,1,0,0,1,0,1,0,0,0,0,0,0,0,0,0,0,0,0,0,1
410197,1,1,1,39,8,2,2011,19,13,6,44.10210833,-123.13078056,9,0,1,1,1,0,1,1,0,1,0,46,1,1,0,0,0,0,1,0,0,0,0,0,0,0.0,0,999,0,2,0,0,0,0,0,0,1,0,0,0,0,0,0,0,0,0,0,99,0
410198,2,0,2,51,8,2,2011,19,15,6,45.564675,-122.51621111,12,2,1,1,1,0,5,1,0,1,1,49,2,0,0,0,0,9,1,0,0,0,0,0,0,1.0,1,999,1,0,0,0,1,0,0,0,0,0,0,0,2,0,0,0,0,0,0,99,0
410199,2,0,4,39,8,3,2011,13,4,4,43.74001944,-123.05856667,12,6,1,1,1,0,1,1,0,2,0,27,4,0,0,0,0,9,1,0,0,0,1,0,0,0.0,0,999,0,0,0,0,9,0,0,0,0,0,0,0,0,0,2,0,0,0,0,99,0
410200,1,0,1,61,8,3,2011,17,6,4,45.45309444,-117.92604722,1,0,8,1,4,0,1,1,0,1,0,81,1,0,0,0,0,9,0,0,0,0,1,0,0,0.0,1,999,0,0,0,0,0,0,0,1,0,0,0,0,0,0,0,0,0,0,0,99,0
410201,1,0,1,43,9,6,2011,17,6,4,44.65471389,-123.04506389,30,0,1,1,4,0,1,1,0,1,1,48,1,0,0,0,0,9,1,0,0,0,0,0,0,0.0,0,999,1,0,0,0,1,0,1,0,0,0,0,0,0,0,0,0,0,0,0,99,0
410202,1,0,1,55,9,2,2011,99,4,3,45.25551667,-121.00238333,24,0,1,1,4,0,9,1,0,1,1,53,1,0,0,0,0,9,0,1,0,0,0,0,0,0.0,0,999,1,0,0,0,0,0,1,0,0,0,0,0,0,0,0,0,0,0,0,99,0
410203,2,0,3,47,6,2,2011,10,3,4,44.87417222,-123.14395,12,2,1,1,1,0,1,1,0,1,0,35,1,2,0,0,0,9,0,0,2,0,0,0,0,0.0,0,999,0,0,0,0,0,0,0,0,0,0,0,0,2,0,0,0,0,0,0,99,0
410204,1,0,3,9,7,1,2011,3,4,4,45.87873611,-123.20179167,42,0,1,1,4,0,2,1,0,1,1,29,3,0,0,0,0,9,0,1,0,0,0,0,0,0.0,0,999,1,0,0,0,1,99,1,0,0,0,0,0,0,0,0,0,0,0,0,99,0
410205,1,1,2,17,7,2,2011,18,13,6,44.03706667,-121.26842778,9,0,1,1,2,0,1,1,0,1,0,24,2,1,0,0,0,9,0,1,0,0,0,0,0,0.0,0,0,0,0,0,0,1,0,1,0,0,0,0,0,0,0,0,0,0,0,0,6,1
410206,1,0,3,59,8,1,2011,2,3,2,45.92970833,-119.09831389,1,0,1,1,4,0,2,1,0,1,1,27,3,0,0,0,0,9,1,0,0,0,0,0,0,0.0,1,999,1,0,0,0,0,0,1,0,0,0,0,0,0,0,0,0,0,0,0,99,1
410207,3,0,5,5,9,6,2011,18,3,4,45.37443889,-122.47475556,12,6,1,1,1,0,1,1,0,2,0,38,3,2,0,0,0,9,1,0,1,0,0,0,0,1.0,0,999,0,0,0,2,1,99,0,0,0,0,0,0,0,0,2,0,0,0,1,99,0
410208,2,0,3,51,9,4,2011,9,13,2,45.58505833,-122.77025833,12,2,1,1,1,0,1,1,0,1,0,60,3,0,0,0,0,9,1,0,0,0,1,0,0,0.0,1,999,0,0,0,0,0,0,0,0,0,0,0,0,2,0,0,0,0,0,0,99,0
410209,3,0,7,43,9,7,2011,21,1,1,44.46318889,-123.06172222,12,6,1,1,1,0,2,1,0,1,1,34,5,2,0,0,0,9,1,1,1,0,0,0,0,0.0,0,999,1,1,0,3,0,0,0,0,0,0,0,0,0,0,2,0,0,0,1,99,0
410210,1,0,1,71,7,7,2011,19,16,6,45.30473889,-122.98024444,1,0,1,1,1,0,1,1,0,1,1,49,1,0,0,0,0,9,0,0,0,0,0,0,1,0.0,1,999,1,0,0,0,1,0,0,0,0,0,0,0,0,0,0,0,0,0,1,99,0
410211,1,0,1,5,8,2,2011,13,14,6,45.44308333,-122.53129722,42,0,1,1,4,0,1,1,0,1,0,73,1,0,0,0,0,9,1,0,0,0,0,0,0,0.0,0,999,0,0,0,0,9,99,0,1,0,0,0,0,0,0,0,0,0,0,0,99,0
410212,1,0,1,47,9,2,2011,18,3,3,45.21621111,-122.77708889,42,0,1,1,4,1,1,1,0,1,1,50,0,1,0,0,0,9,0,1,0,0,0,0,0,0.0,0,999,1,0,0,0,9,0,1,0,0,0,0,0,0,0,0,0,0,0,0,99,0
410213,1,0,2,59,9,3,2011,3,2,3,45.70844722,-118.67176667,1,0,1,1,4,0,2,1,0,1,1,23,2,0,0,0,0,9,0,0,1,0,0,0,0,0.0,0,999,1,0,0,0,1,0,1,0,0,0,0,0,0,0,0,0,0,0,0,99,99
410214,1,0,1,29,9,3,2011,9,6,4,42.5335,-122.8564,42,0,1,1,4,0,1,1,0,1,1,44,1,0,0,0,0,0,0,1,0,0,0,0,0,0.0,0,999,1,0,0,0,1,99,1,0,0,0,0,0,0,0,0,0,0,0,0,99,0
410215,1,0,1,39,9,4,2011,21,4,4,44.06746111,-122.95483889,42,0,1,1,4,0,2,1,0,1,1,24,1,0,0,0,0,9,1,0,0,0,0,0,0,0.0,0,999,1,0,0,1,1,0,1,0,0,0,0,0,0,0,0,0,0,0,0,99,0
410216,2,0,7,57,9,7,2011,15,2,2,45.68951111,-123.91132778,12,6,1,1,1,0,1,2,0,2,0,33,4,3,0,0,0,9,0,1,1,0,0,0,0,0.0,1,999,0,0,0,0,9,0,0,0,0,0,0,0,0,0,2,0,0,0,0,99,0
410217,1,0,3,33,9,4,2011,5,3,3,42.35169722,-123.33205,30,0,1,1,4,0,2,1,0,1,0,46,3,0,0,0,0,0,0,0,0,0,1,0,0,0.0,0,999,0,0,0,0,0,0,1,0,0,0,0,0,0,0,0,0,0,0,0,0,0
410218,1,1,2,39,9,4,2011,18,4,4,43.79429722,-122.98943889,9,0,2,3,1,0,1,1,0,1,0,41,2,1,0,0,0,9,0,1,0,0,0,0,0,0.0,0,999,0,0,0,0,9,0,0,0,1,0,0,0,0,0,0,0,0,0,0,99,0
410219,1,0,2,43,9,7,2011,2,16,6,44.41145556,-122.66822778,24,0,1,1,4,0,2,1,0,1,1,40,1,1,0,0,0,9,0,0,0,0,0,0,0,1.0,0,999,1,0,0,0,9,99,1,0,0,0,0,0,0,0,0,0,0,0,0,99,11
410220,1,0,1,5,9,2,2011,22,14,6,45.363725,-122.58506667,30,0,1,1,4,0,2,2,0,1,1,25,0,1,0,0,0,9,0,1,0,0,0,0,0,0.0,0,999,1,0,0,0,1,99,1,0,0,0,0,0,0,0,0,0,0,0,0,99,0
410221,1,0,1,33,9,3,2011,15,4,4,42.56527222,-123.37655,42,0,1,1,4,0,1,1,0,1,0,69,0,1,0,0,0,0,1,0,0,0,0,0,0,0.0,0,999,0,0,0,0,0,0,0,1,0,0,0,0,0,0,0,0,0,0,0,99,0
410222,1,0,2,57,9,4,2011,16,2,3,45.05224722,-123.7769,42,0,1,1,4,0,1,1,0,1,1,25,1,1,0,0,0,9,1,0,0,0,0,0,0,0.0,0,999,1,0,1,1,1,0,0,1,0,0,0,0,0,0,0,0,0,0,0,99,0
410223,1,0,2,13,9,6,2011,6,3,4,44.20871389,-121.06549722,38,0,1,1,5,0,2,1,0,1,0,66,0,2,0,0,0,0,1,0,0,0,0,0,0,0.0,0,999,0,0,0,0,1,0,1,0,0,0,0,0,0,0,0,0,0,0,0,99,0
410224,2,0,5,31,10,7,2011,19,2,2,44.70805556,-121.16719722,12,6,2,2,1,0,2,10,0,1,1,28,5,0,0,0,0,9,0,1,0,0,1,0,0,0.0,1,999,1,0,0,0,0,0,0,0,0,0,0,0,0,0,0,0,0,2,0,99,0
410225,1,0,1,59,10,1,2011,0,2,3,45.77535556,-118.54914167,1,0,1,1,4,0,2,1,0,1,0,61,1,0,0,0,0,9,0,0,0,0,0,0,0,1.0,0,999,0,0,0,0,9,0,1,0,0,0,0,0,0,0,0,0,0,0,0,99,0
410226,1,0,1,51,10,1,2011,4,13,3,45.47234722,-122.67969444,38,0,1,1,5,0,3,10,0,1,1,25,0,1,0,0,0,9,0,0,1,0,0,0,0,0.0,0,999,1,1,0,1,1,0,0,1,0,0,0,0,0,0,0,0,0,0,0,99,0
410227,1,0,1,7,10,2,2011,14,2,2,45.80987778,-123.481775,1,0,1,1,4,0,1,10,0,1,0,18,1,0,0,0,0,9,1,0,0,0,0,0,0,0.0,1,999,0,1,0,2,0,0,1,0,0,0,0,0,0,0,0,0,0,0,0,99,0
410228,1,1,1,51,10,3,2011,6,14,6,45.57591667,-122.57769722,8,0,2,2,1,0,3,10,0,1,0,37,1,1,0,0,0,9,0,0,0,0,1,0,0,0.0,1,999,0,0,0,0,0,0,0,0,1,0,0,0,0,0,0,0,0,0,0,99,7
410229,2,0,5,51,10,5,2011,21,13,2,45.56919722,-122.61338889,12,6,8,1,1,0,3,10,0,1,0,33,2,3,0,0,0,9,1,0,1,0,0,0,0,0.0,0,999,0,0,0,0,1,0,0,0,0,0,0,0,0,0,0,2,0,0,0,99,0
410230,1,1,1,51,10,6,2011,9,13,3,45.47039722,-122.57906389,9,0,1,1,1,0,1,98,0,1,0,54,2,0,0,0,0,9,0,1,0,0,0,0,0,0.0,0,999,0,0,0,0,0,0,0,0,1,0,0,0,0,0,0,0,0,0,0,99,0
410231,2,0,3,33,10,7,2011,14,5,4,42.0665,-123.62358889,12,2,1,1,1,0,1,1,0,1,1,61,2,1,0,0,0,9,0,1,0,0,0,0,0,1.0,0,999,1,1,0,0,1,0,0,0,0,0,0,0,2,0,0,0,0,0,0,99,0
410232,1,0,1,3,10,1,2011,8,3,3,44.57194444,-123.25823056,30,0,1,1,4,8,1,98,0,1,0,21,1,0,0,0,0,9,0,0,1,0,0,0,0,0.0,0,999,0,0,0,0,9,0,1,0,0,0,0,0,0,0,0,0,0,0,0,99,0
410233,1,1,1,29,10,2,2011,13,3,3,42.42328333,-122.85165833,8,0,2,2,1,0,1,1,0,1,0,46,2,0,0,0,0,9,0,0,0,0,1,0,0,0.0,1,999,0,0,0,0,0,0,0,0,1,0,0,0,0,0,0,0,0,0,0,1,0
410234,5,0,1,51,10,2,2011,1,15,6,45.49568056,-122.54798611,14,0,1,1,5,0,3,98,0,1,1,34,1,0,0,0,0,9,1,0,0,0,0,0,0,0.0,0,999,1,0,0,0,1,0,0,1,0,0,0,0,0,0,0,0,0,0,0,99,0
410235,1,0,1,51,10,6,2011,1,13,6,45.57346667,-122.62971944,21,0,1,1,4,0,3,10,0,1,1,32,1,0,0,0,0,9,1,0,0,0,0,0,0,0.0,0,999,1,0,0,0,1,99,1,0,0,0,0,0,0,0,0,0,0,0,0,99,0
410236,2,0,2,59,10,6,2011,14,1,1,45.58361944,-118.60898611,12,1,1,1,1,8,1,98,0,1,0,41,2,0,0,0,0,9,0,1,0,0,1,0,0,0.0,1,999,0,0,0,0,9,0,0,0,0,2,0,0,0,0,0,0,0,0,0,99,0
410237,1,0,11,65,8,6,2011,13,6,8,44.82566389,-121.63255,1,0,1,1,4,0,1,98,0,1,0,11,6,5,0,0,0,9,0,0,1,0,0,0,0,0.0,0,999,0,0,0,0,9,99,0,1,0,0,0,0,0,0,0,0,0,0,0,99,99
410238,1,1,1,11,8,1,2011,21,13,2,43.39089722,-124.22023333,8,0,1,1,1,0,3,1,0,1,0,33,1,1,0,0,0,9,0,1,0,0,0,0,0,0.0,0,999,0,0,0,0,9,99,0,0,1,0,0,0,0,0,0,0,0,0,0,99,7
410239,1,0,1,29,8,3,2011,12,3,3,42.26508611,-123.02626944,1,0,1,1,5,0,1,1,0,1,0,64,1,0,0,0,0,0,0,0,0,0,0,0,0,1.0,0,999,0,0,0,0,1,0,1,0,0,0,0,0,0,0,0,0,0,0,0,99,72
410240,1,0,1,61,10,3,2011,6,4,4,45.53658333,-118.02547778,11,0,1,1,1,0,4,2,0,1,0,56,1,0,0,0,0,0,0,0,0,0,0,0,0,1.0,0,999,0,0,0,0,9,0,0,0,1,0,0,0,0,0,0,0,0,0,0,99,0
410241,2,0,4,47,10,7,2011,19,2,3,44.75671111,-122.42870278,12,2,1,1,1,0,2,10,0,2,0,59,2,2,0,0,0,0,1,1,0,0,0,0,0,0.0,0,999,0,0,0,0,0,0,0,0,0,0,0,0,2,0,0,0,0,0,0,99,0
410242,2,0,2,25,10,2,2011,21,2,2,43.71614722,-118.51074444,12,1,1,1,1,0,2,1,0,1,0,55,1,1,0,0,0,9,1,0,0,0,1,0,0,0.0,1,999,0,0,0,0,0,0,0,0,0,2,0,0,0,0,0,0,0,0,0,0,0
410244,1,0,1,39,10,6,2011,99,5,4,43.80513333,-123.02895833,42,0,1,1,4,0,2,10,0,1,0,59,1,0,0,0,0,9,1,0,0,0,0,0,0,0.0,0,999,0,1,0,0,0,0,1,0,0,0,0,0,0,0,0,0,0,0,0,99,0
410245,1,0,2,19,10,7,2011,23,14,6,43.23983611,-123.36700833,31,0,3,3,5,0,3,1,0,1,0,31,2,0,0,0,0,9,1,0,0,0,0,0,0,0.0,0,999,0,0,0,0,0,0,0,1,0,0,0,0,0,0,0,0,0,0,0,99,0
410246,1,1,1,11,10,7,2011,18,6,4,43.33940833,-124.32475,8,0,1,1,1,0,2,1,0,1,0,39,2,0,0,0,0,9,0,1,0,0,0,0,0,0.0,0,999,0,0,0,0,0,99,0,0,0,0,0,0,0,0,0,0,0,0,1,1,71
410247,1,0,2,3,10,4,2011,4,6,4,44.58860278,-123.33883889,34,0,1,1,4,0,2,1,0,2,1,21,2,0,0,0,0,9,1,0,0,0,0,0,0,0.0,0,999,1,0,0,2,1,0,1,0,0,0,0,0,0,0,0,0,0,0,0,99,0
410248,2,0,2,51,10,5,2011,23,15,6,45.47823611,-122.58928611,12,6,2,2,1,0,3,10,0,1,1,54,1,1,0,0,0,9,1,0,0,0,0,0,0,1.0,0,999,1,0,0,1,1,0,0,0,0,0,0,0,0,0,0,0,0,2,0,99,0
410249,2,0,2,29,10,1,2011,13,5,4,42.20630556,-123.04648333,12,2,1,1,1,0,1,1,0,1,0,45,2,0,0,0,0,9,1,1,0,0,0,0,0,0.0,0,999,0,0,0,0,9,0,0,0,0,0,0,0,2,0,0,0,0,0,0,99,0
410250,2,0,5,31,10,1,2011,15,2,2,44.70818611,-121.15688056,12,2,1,1,1,0,1,1,0,1,0,18,1,4,0,0,0,9,1,0,1,0,0,0,0,0.0,0,999,0,1,0,0,0,0,0,0,0,0,0,0,2,0,0,0,0,0,0,99,0
410251,1,0,4,29,11,3,2011,4,4,4,42.40531944,-123.02978611,53,0,1,1,4,0,2,1,0,1,1,18,4,0,0,0,0,9,1,0,0,0,0,0,0,0.0,1,999,1,0,0,0,1,0,1,0,0,0,0,0,0,0,0,0,0,0,0,99,1
410252,1,1,1,67,6,1,2011,9,16,4,45.54347778,-122.82054444,8,0,1,1,2,0,1,1,0,1,0,34,1,1,0,0,0,1,1,0,0,0,0,0,0,0.0,0,999,0,0,0,0,0,99,1,0,0,0,0,0,0,0,0,0,0,0,0,99,92
410253,2,0,2,35,11,3,2011,18,2,3,42.11166111,-121.69845833,12,6,2,2,1,8,2,1,0,1,1,50,2,0,0,0,0,9,1,0,0,0,1,0,0,0.0,1,999,1,0,0,0,0,0,0,0,0,0,0,0,0,0,0,2,0,0,0,99,0
410254,1,0,1,11,8,1,2011,1,6,4,43.14809722,-123.79418056,1,0,1,1,5,0,2,99,0,1,1,27,1,0,0,0,0,9,0,1,0,0,0,0,0,0.0,0,999,1,0,0,0,9,99,1,0,0,0,0,0,0,0,0,0,0,0,0,99,0
410255,1,0,3,23,11,6,2011,14,2,2,44.55989167,-119.08606389,1,0,1,1,4,0,1,10,0,2,0,74,1,2,0,0,0,9,0,1,0,0,0,0,0,0.0,0,999,0,0,0,0,1,0,0,1,0,0,0,0,0,0,0,0,0,0,0,99,0
410256,2,0,3,51,11,1,2011,11,13,6,45.53356667,-122.53721667,12,6,8,1,1,0,1,98,0,1,0,76,2,1,0,0,0,9,2,0,0,0,0,0,0,0.0,0,999,0,2,0,1,0,99,0,0,0,0,0,0,0,0,0,0,2,0,0,99,0
410257,2,0,2,19,11,2,2011,16,4,4,42.98122778,-123.32451944,12,6,2,3,1,0,1,1,0,1,0,51,0,2,0,0,0,0,1,1,0,0,0,0,0,0.0,0,999,0,0,0,0,0,99,0,0,0,0,0,0,0,0,0,0,2,0,0,99,0
410258,2,0,2,39,11,3,2011,20,11,1,44.06334444,-123.09520278,12,2,1,1,1,8,3,2,0,1,1,64,2,0,0,0,0,9,1,1,0,0,0,0,0,0.0,0,999,1,0,0,1,0,0,0,0,0,0,0,0,2,0,0,0,0,0,0,99,0
410259,1,0,1,49,11,4,2011,13,1,1,45.83139722,-119.77946111,1,0,1,1,4,0,1,1,0,1,1,35,1,0,0,0,0,9,0,1,0,0,0,0,0,0.0,1,999,1,0,0,0,1,0,1,0,0,0,0,0,0,0,0,0,0,0,0,99,0
410260,2,0,5,47,11,6,2011,13,2,3,44.80411667,-122.759175,12,2,1,1,1,0,1,1,0,1,0,39,3,2,0,0,0,9,0,0,2,0,0,0,0,0.0,0,999,0,1,0,1,0,0,0,0,0,0,0,0,2,0,0,0,0,0,0,99,0
410261,1,0,1,5,11,1,2011,14,4,4,45.19281667,-122.54195,58,0,1,1,4,0,1,10,0,1,1,54,0,1,0,0,0,1,1,0,0,0,0,0,0,0.0,0,999,1,0,0,0,1,99,1,0,0,0,0,0,0,0,0,0,0,0,0,99,0
410262,1,0,3,29,11,2,2011,9,2,3,42.46383889,-122.69611667,3,0,1,1,5,0,1,1,0,1,0,69,3,0,0,0,0,9,0,0,1,0,0,0,0,0.0,1,999,0,0,0,0,0,0,1,0,0,0,0,0,0,0,0,0,0,0,0,99,69
410263,2,0,3,17,11,2,2011,16,15,6,44.04983611,-121.30389722,12,2,2,3,1,0,1,1,0,1,0,24,3,0,0,0,0,9,1,1,0,0,0,0,0,0.0,0,999,0,3,0,0,0,0,0,0,0,0,0,0,2,0,0,0,0,0,0,99,0
410264,1,1,1,7,11,2,2011,16,2,2,46.16666111,-123.60428889,8,0,1,1,1,0,1,10,0,1,0,16,2,0,0,0,0,9,0,1,0,0,0,0,0,0.0,0,999,0,0,0,0,0,0,0,0,1,0,0,0,0,0,0,0,0,0,0,99,0
410265,2,0,2,5,11,4,2011,15,3,3,45.39538611,-122.48160556,12,6,1,1,1,0,1,1,0,1,1,56,2,0,0,0,0,9,1,1,0,0,0,0,0,0.0,0,999,1,0,0,1,0,0,0,0,0,0,0,0,0,0,2,0,0,0,0,99,0
410266,2,0,2,35,11,2,2011,16,13,3,42.173775,-121.72272778,12,6,2,2,1,0,1,1,0,1,0,66,2,0,0,0,0,0,1,0,1,0,0,0,0,0.0,0,999,0,0,0,0,0,0,0,0,0,0,0,0,0,0,0,0,0,2,0,99,0
410267,1,0,3,19,11,5,2011,3,11,1,43.29356389,-123.35267778,1,0,1,1,4,1,2,2,0,1,0,42,1,2,0,0,0,9,0,0,1,0,0,0,0,0.0,1,999,0,0,0,0,1,0,1,0,0,0,0,0,0,0,0,0,0,0,0,99,0
410268,1,1,1,39,11,6,2011,2,14,6,44.04771944,-123.08818056,9,0,2,2,1,0,3,2,0,1,1,22,2,0,0,0,0,9,0,0,1,0,0,0,0,0.0,0,0,1,0,0,0,1,0,0,0,1,0,0,0,0,0,0,0,0,0,0,99,1
410269,2,0,2,19,11,6,2011,11,3,4,43.25396389,-123.40010278,12,6,8,1,1,0,1,2,0,1,0,68,2,0,0,0,0,0,1,1,0,0,0,0,0,0.0,0,999,0,0,0,0,0,0,0,0,0,0,0,0,0,0,0,0,2,0,0,99,0
410270,1,0,2,29,11,6,2011,12,14,6,42.335475,-122.887225,40,0,1,1,4,0,1,2,0,2,0,88,1,1,0,0,0,9,1,0,0,0,0,0,0,0.0,0,999,0,0,0,0,0,0,1,0,0,0,0,0,0,0,0,0,0,0,0,99,0
410271,1,0,1,35,11,7,2011,1,2,2,42.40480833,-121.82809167,1,0,1,1,4,0,2,4,0,1,0,47,1,0,0,0,0,9,0,0,1,0,0,0,0,0.0,0,999,0,2,0,1,1,0,1,0,0,0,0,0,0,0,0,0,0,0,0,99,0
410272,1,0,1,43,11,1,2011,13,14,6,44.60746389,-123.07328333,42,0,1,1,4,0,1,1,0,1,0,91,1,0,0,0,0,9,0,1,0,0,0,0,0,0.0,0,999,0,1,0,0,0,0,0,1,0,0,0,0,0,0,0,0,0,0,0,99,0
410273,1,0,2,67,11,3,2011,20,13,6,45.44913611,-122.82603333,42,0,1,1,3,0,3,2,0,1,0,21,1,1,0,0,0,9,1,0,0,0,0,0,0,0.0,0,999,0,0,0,0,1,0,0,1,0,0,0,0,0,0,0,0,0,0,0,99,2
410274,1,1,1,51,11,3,2011,19,13,2,45.49696944,-122.63356944,8,0,3,3,1,0,3,2,0,1,0,41,1,1,0,0,0,0,1,0,0,0,0,0,0,0.0,0,999,0,0,0,0,0,0,0,0,1,0,0,0,0,0,0,0,0,0,0,99,0
410275,2,0,6,11,11,4,2011,13,3,3,43.21192778,-124.24278889,12,6,1,1,1,0,1,2,0,1,0,22,1,5,0,0,1,9,0,0,2,0,0,0,0,0.0,0,999,0,0,0,0,0,0,0,0,0,0,0,0,0,0,0,0,0,0,2,99,0
410276,2,0,3,43,11,5,2011,13,1,1,44.49746111,-123.06181667,12,1,1,1,1,0,1,10,0,1,0,60,1,2,0,0,0,9,0,1,1,0,0,0,0,0.0,0,999,0,0,0,1,9,0,0,0,0,2,0,0,0,0,0,0,0,0,0,99,0
410277,3,0,3,51,11,6,2011,7,13,6,45.57068056,-122.61414722,12,6,2,2,1,0,3,10,0,1,1,41,2,1,0,0,0,9,0,0,2,0,1,0,0,0.0,1,999,1,0,0,0,0,0,0,0,0,0,0,0,0,0,0,0,0,2,1,99,0
410278,1,0,1,1,11,7,2011,4,4,3,44.87718611,-117.09096389,1,0,1,1,4,0,2,10,0,1,1,38,1,0,0,0,0,9,0,1,0,0,0,0,0,0.0,1,999,1,1,0,1,1,0,0,1,0,0,0,0,0,0,0,0,0,0,0,99,0
410279,1,1,1,67,11,4,2011,6,13,3,45.48836111,-122.806275,8,0,3,2,1,0,3,2,0,1,0,23,1,1,0,0,0,9,1,0,0,0,0,0,0,0.0,0,999,0,0,0,1,0,0,0,0,1,0,0,0,0,0,0,0,0,0,0,99,0
410280,1,0,1,5,11,2,2011,2,13,3,45.38064444,-122.63699722,30,0,1,1,4,0,3,2,0,1,1,21,1,0,0,0,0,9,1,0,0,0,0,0,0,0.0,0,999,1,0,0,0,1,0,0,1,0,0,0,0,0,0,0,0,0,0,0,99,0
410281,2,0,2,51,12,6,2011,20,15,6,45.59237222,-122.58312222,12,2,1,1,1,0,3,1,0,1,1,42,2,0,0,0,0,9,0,0,0,0,1,0,0,1.0,1,999,1,2,0,0,0,0,0,0,0,0,0,0,2,0,0,0,0,0,0,99,0
410282,2,0,2,39,12,3,2011,15,4,4,43.71835,-122.86289722,12,2,1,1,1,0,1,1,0,1,0,43,1,1,0,0,0,9,2,0,0,0,0,0,0,0.0,0,999,0,0,0,1,0,0,0,0,0,0,0,0,2,0,0,0,0,0,0,99,0
410283,1,0,2,47,12,4,2011,0,4,4,44.80467778,-122.91359444,59,0,1,1,4,0,2,1,0,2,0,23,1,1,0,0,0,9,1,0,0,0,0,0,0,0.0,0,999,0,0,0,0,9,0,1,0,0,0,0,0,0,0,0,0,0,0,0,99,0
410284,1,1,1,43,9,4,2011,20,13,2,44.632125,-123.07322778,8,0,3,2,1,0,3,1,0,1,0,38,2,0,0,0,0,9,1,0,0,0,0,0,0,0.0,0,999,0,0,0,0,0,0,0,0,1,0,0,0,0,0,0,0,0,0,0,99,0
410285,2,0,3,5,9,1,2011,1,13,3,45.33385,-122.58848611,12,6,2,2,1,0,3,2,0,1,1,37,2,1,0,0,0,9,0,1,1,0,0,0,0,0.0,1,999,1,0,0,0,0,0,0,0,0,0,0,0,0,0,0,0,0,2,0,99,0
410286,1,1,1,29,11,4,2011,16,13,3,42.30719167,-122.85538611,8,0,3,2,1,0,1,1,0,1,0,32,2,0,0,0,0,9,1,0,0,0,0,0,0,0.0,0,999,0,0,0,0,0,0,0,0,1,0,0,0,0,0,0,0,0,0,0,99,0
410287,1,0,1,47,11,6,2011,19,3,4,45.017825,-122.69537778,42,0,1,1,4,0,2,98,0,1,1,57,1,0,0,0,0,9,0,1,0,0,0,0,0,0.0,1,999,1,1,1,0,1,0,1,0,0,0,0,0,0,0,0,0,0,0,0,99,0
410288,1,0,1,9,11,1,2011,99,4,4,46.09031111,-123.01715556,42,0,1,1,4,0,9,99,0,1,0,19,0,1,0,0,0,0,1,0,0,0,0,0,0,0.0,0,999,0,0,0,0,9,99,0,1,0,0,0,0,0,0,0,0,0,0,0,99,0
410289,2,0,3,39,11,3,2011,12,2,2,44.01016111,-124.10163889,12,6,2,3,1,0,1,10,0,1,0,73,1,2,0,0,0,0,1,0,1,0,0,0,0,0.0,0,999,0,0,0,1,0,0,0,0,0,0,0,0,0,0,0,0,2,0,0,99,0
410290,1,1,1,59,12,4,2011,18,3,2,45.91665278,-119.29367222,8,0,1,1,1,0,2,10,0,1,0,46,2,0,0,0,0,9,0,1,0,0,0,0,0,0.0,0,999,0,0,0,0,0,0,0,0,1,0,0,0,0,0,0,0,0,0,0,99,0
410291,1,0,2,19,12,4,2011,7,1,1,42.99637778,-123.322325,1,0,1,1,4,0,1,5,0,1,0,16,0,2,0,0,0,0,1,0,0,0,0,0,0,0.0,0,999,0,0,0,0,0,0,1,0,0,0,0,0,0,0,0,0,0,0,0,99,69
410292,1,0,1,59,12,5,2011,11,5,4,45.84848611,-119.22571111,10,0,6,1,1,0,1,10,0,1,0,63,1,0,0,0,0,9,0,0,0,0,0,0,1,0.0,1,999,0,0,0,0,9,99,0,0,1,0,0,0,0,0,0,0,0,0,0,99,0
410293,1,0,1,11,12,4,2011,2,2,3,43.03029444,-124.02152222,11,0,1,1,1,0,3,5,0,1,1,24,1,0,0,0,0,9,0,1,0,0,0,0,0,0.0,0,999,1,0,0,0,1,0,0,0,1,0,0,0,0,0,0,0,0,0,0,99,0
410294,1,0,1,5,12,5,2011,18,4,4,45.20156111,-122.57709444,30,0,1,1,4,0,2,1,0,1,0,77,1,0,0,0,0,0,1,0,0,0,0,0,0,0.0,0,999,0,1,0,0,1,0,1,0,0,0,0,0,0,0,0,0,0,0,0,99,0
410295,2,0,4,39,12,1,2011,18,13,3,44.11188611,-123.18031944,12,2,1,1,1,0,2,10,0,1,1,31,3,1,0,0,0,9,1,1,0,0,0,0,0,0.0,0,999,1,1,0,1,0,0,0,0,0,0,0,0,2,0,0,0,0,0,0,99,0
410296,1,0,1,39,12,5,2011,2,2,3,44.102375,-122.68816944,42,0,1,1,4,0,2,1,0,1,1,56,0,1,0,0,0,9,1,0,0,0,0,0,0,0.0,0,999,1,0,0,0,9,0,0,1,0,0,0,0,0,0,0,0,0,0,0,99,0
410297,1,1,1,17,12,6,2011,10,2,2,44.35382222,-121.17873611,9,0,2,2,1,8,1,98,0,1,0,50,1,1,0,0,0,9,1,0,0,0,0,0,0,0.0,0,999,0,0,0,0,0,0,0,0,1,0,0,0,0,0,0,0,0,0,0,99,0
410298,1,0,1,5,12,1,2011,20,5,4,45.33185833,-122.34297778,1,0,1,1,4,0,2,5,0,1,0,18,0,1,0,0,0,9,0,0,1,0,0,0,0,0.0,0,999,0,0,0,0,1,0,0,1,0,0,0,0,0,0,0,0,0,0,0,99,0
410299,1,0,1,47,12,2,2011,2,13,6,44.89253611,-123.03556389,17,0,3,3,4,0,3,1,0,1,1,28,0,1,0,0,0,9,1,0,0,0,0,0,0,0.0,0,999,1,0,0,0,1,0,1,0,0,0,0,0,0,0,0,0,0,0,0,99,0
410300,1,1,1,33,12,4,2011,17,14,6,42.44045,-123.33771667,8,0,1,1,1,0,5,10,0,1,0,58,0,2,0,0,0,9,1,0,0,0,0,0,0,0.0,0,999,0,0,0,0,0,0,0,0,1,0,0,0,0,0,0,0,0,0,0,99,0
410301,1,0,4,33,12,5,2011,0,6,4,42.30098611,-123.32945,1,0,1,1,4,0,2,1,0,1,1,30,2,2,0,0,0,9,0,1,0,0,0,0,0,0.0,0,999,1,0,0,0,0,99,1,0,0,0,0,0,0,0,0,0,0,0,0,99,0
410302,1,0,1,17,12,5,2011,7,4,4,43.88997778,-121.40127778,42,0,1,1,4,0,2,1,0,1,0,57,1,0,0,0,0,9,0,0,1,0,0,0,0,0.0,0,999,0,0,0,0,1,0,1,0,0,0,0,0,0,0,0,0,0,0,0,99,0
410303,1,0,1,17,12,6,2011,9,4,4,43.80173056,-121.57062778,42,0,1,1,4,8,1,98,0,1,0,70,1,0,0,0,0,9,0,0,1,0,0,0,0,0.0,0,999,0,0,0,1,9,0,1,0,0,0,0,0,0,0,0,0,0,0,0,99,0
410304,1,0,1,5,12,6,2011,8,3,3,45.160275,-122.54534167,1,0,1,1,4,0,1,2,0,1,0,77,1,0,0,0,0,0,0,1,0,0,0,0,0,0.0,0,999,0,0,0,0,0,0,1,0,0,0,0,0,0,0,0,0,0,0,0,99,0
410305,1,0,3,3,12,7,2011,9,2,2,44.57120556,-123.41956944,1,0,1,1,4,0,1,1,0,1,0,36,3,0,0,0,0,9,0,1,0,0,0,0,0,0.0,0,999,0,0,0,0,1,0,0,1,0,0,0,0,0,0,0,0,0,0,0,99,0
410306,1,0,1,59,12,4,2011,15,4,4,45.67085556,-118.7311,32,0,1,1,4,0,1,2,0,1,0,48,1,0,0,0,0,9,0,1,0,0,0,0,0,0.0,0,999,0,1,0,0,9,0,0,1,0,0,0,0,0,0,0,0,0,0,0,99,0
410307,1,1,2,51,12,7,2011,19,13,2,45.56265833,-122.58885833,8,0,3,3,1,0,3,1,0,1,0,58,3,0,0,0,0,9,1,0,0,0,0,0,0,0.0,0,999,0,0,0,2,0,0,0,0,1,0,0,0,0,0,0,0,0,0,0,99,0
410308,1,0,1,35,9,2,2011,99,6,4,42.01688333,-121.3986,3,0,3,3,5,0,9,99,0,1,1,22,1,0,0,0,0,9,0,0,0,0,0,0,0,1.0,0,999,1,0,0,0,9,99,1,0,0,0,0,0,0,0,0,0,0,0,0,99,0
410309,1,1,1,17,12,2,2011,20,14,6,44.05936111,-121.26376111,8,0,1,1,1,0,2,10,0,1,0,48,1,1,0,0,0,9,1,0,0,0,0,0,0,0.0,0,999,0,0,0,0,0,0,0,0,1,0,0,0,0,0,0,0,0,0,0,0,0
410310,1,0,1,9,12,3,2011,20,5,4,45.87721389,-122.89091944,42,0,1,1,4,0,2,2,0,1,0,16,1,0,0,0,0,0,1,0,0,0,0,0,0,0.0,0,999,0,0,0,0,1,0,0,1,0,0,0,0,0,0,0,0,0,0,0,99,0
410311,1,1,1,39,8,3,2011,23,5,4,44.07042778,-123.23244444,8,0,1,1,1,0,2,1,0,1,0,999,1,0,0,1,0,9,0,0,0,0,0,0,1,0.0,99,999,0,0,0,0,9,99,0,0,1,0,0,0,0,0,0,0,0,0,0,99,0
410312,2,0,2,39,11,3,2011,18,3,3,44.06866667,-123.35463611,12,2,2,3,1,0,3,10,0,1,0,52,2,0,0,0,0,0,0,0,2,0,0,0,0,0.0,0,999,0,0,0,0,0,0,0,0,0,0,0,0,2,0,0,0,0,0,0,99,0
410313,1,0,1,51,12,5,2011,19,13,6,45.53470556,-122.48622222,30,0,8,1,4,0,3,98,0,1,0,77,1,0,0,0,0,9,0,0,0,0,0,0,1,0.0,99,999,0,0,0,1,9,0,0,1,0,0,0,0,0,0,0,0,0,0,0,99,0
410314,1,0,2,39,9,2,2011,14,13,6,44.08588611,-123.10330556,6,0,2,3,1,0,1,98,0,1,0,66,0,2,0,0,0,9,0,0,0,0,0,1,0,0.0,0,999,0,0,0,0,0,99,1,0,0,0,0,0,0,0,0,0,0,0,0,99,0
410315,1,1,1,47,10,3,2011,19,13,3,45.14915278,-122.83310278,8,0,1,1,1,0,2,2,0,1,0,62,2,0,0,0,0,9,0,1,0,0,0,0,0,0.0,0,999,0,0,0,1,0,0,0,0,1,0,0,0,0,0,0,0,0,0,0,99,0
410316,1,0,2,5,9,1,2011,13,6,4,44.91521389,-121.88935,99,98,1,1,4,0,1,98,0,1,0,53,1,1,0,0,0,9,0,0,0,0,0,0,0,1.0,1,999,0,1,1,1,9,99,0,0,0,0,0,0,0,0,0,0,0,0,1,99,0
410317,2,0,3,59,11,2,2011,17,15,6,45.91736944,-119.33033333,12,6,2,3,1,8,3,1,0,1,1,56,3,0,0,0,0,9,0,1,0,0,0,0,0,1.0,0,999,1,0,0,0,9,0,0,0,0,0,0,0,0,0,0,2,0,0,0,99,0
410318,1,0,2,33,11,6,2011,11,6,4,42.68546389,-123.36253333,5,0,1,1,1,8,1,98,0,1,1,47,1,1,0,0,0,9,0,0,0,0,0,0,1,0.0,99,999,1,0,0,0,9,99,1,0,0,0,0,0,0,0,0,0,0,0,0,99,11
