STATE,ST_CASE,VEH_NO,PER_NO,NMIMPAIR
1,10012,0,1,99
1,10029,0,1,0
1,10038,0,1,0
1,10047,0,1,8
1,10054,0,1,9
1,10055,0,1,99
1,10060,0,1,9
1,10071,0,1,0
1,10071,0,2,0
1,10113,0,1,99
1,10122,0,1,9
1,10128,0,1,99
1,10135,0,1,99
1,10145,0,1,99
1,10156,0,1,0
1,10156,0,2,99
1,10187,0,1,99
1,10203,0,1,0
1,10205,0,1,99
1,10213,0,1,0
1,10217,0,1,0
1,10220,0,1,0
1,10222,0,1,0
1,10234,0,1,99
1,10244,0,1,99
1,10244,0,2,99
1,10244,0,3,99
1,10245,0,1,99
1,10258,0,1,98
1,10267,0,1,0
1,10275,0,1,99
1,10288,0,1,99
1,10292,0,1,99
1,10341,0,1,99
1,10364,0,1,0
1,10365,0,1,99
1,10373,0,1,99
1,10396,0,1,0
1,10427,0,1,0
1,10435,0,1,99
1,10465,0,1,9
1,10493,0,1,99
1,10503,0,1,9
1,10519,0,1,99
1,10529,0,1,99
1,10540,0,1,0
1,10543,0,1,99
1,10544,0,1,0
1,10554,0,1,99
1,10557,0,1,99
1,10569,0,1,9
1,10601,0,1,0
1,10601,0,2,0
1,10604,0,1,0
1,10608,0,1,99
1,10621,0,1,0
1,10622,0,1,99
1,10624,0,1,0
1,10648,0,1,9
1,10658,0,1,99
1,10665,0,1,99
1,10687,0,1,99
1,10692,0,1,0
1,10692,0,2,0
1,10705,0,1,9
1,10716,0,1,99
1,10716,0,2,99
1,10719,0,1,0
1,10729,0,1,99
1,10730,0,1,9
1,10747,0,1,9
1,10756,0,1,98
1,10761,0,1,99
2,20001,0,1,99
2,20005,0,1,99
2,20015,0,1,0
2,20023,0,1,0
2,20023,0,2,0
2,20039,0,1,0
2,20042,0,1,99
4,40003,0,1,0
4,40004,0,1,0
4,40006,0,1,0
4,40012,0,1,0
4,40022,0,1,0
4,40025,0,1,0
4,40028,0,1,99
4,40036,0,1,9
4,40040,0,1,9
4,40044,0,1,0
4,40045,0,1,96
4,40053,0,1,99
4,40058,0,1,0
4,40064,0,1,0
4,40067,0,1,0
4,40069,0,1,99
4,40073,0,1,99
4,40077,0,1,99
4,40078,0,1,0
4,40093,0,1,99
4,40095,0,1,99
4,40100,0,1,99
4,40102,0,1,0
4,40105,0,1,0
4,40107,0,1,99
4,40110,0,1,99
4,40129,0,1,0
4,40130,0,1,99
4,40134,0,1,99
4,40142,0,1,9
4,40144,0,1,98
4,40146,0,1,9
4,40160,0,1,0
4,40161,0,1,9
4,40166,0,1,0
4,40167,0,1,0
4,40171,0,1,9
4,40172,0,1,9
4,40175,0,1,99
4,40176,0,1,99
4,40178,0,1,0
4,40179,0,1,0
4,40179,0,2,0
4,40179,0,3,0
4,40180,0,1,9
4,40184,0,1,0
4,40187,0,1,0
4,40192,0,1,99
4,40201,0,1,0
4,40214,0,1,99
4,40216,0,1,0
4,40228,0,1,9
4,40238,0,1,0
4,40241,0,1,0
4,40246,0,1,9
4,40247,0,1,99
4,40249,0,1,99
4,40250,0,1,9
4,40277,0,1,0
4,40289,0,1,4
4,40289,0,2,0
4,40297,0,1,99
4,40302,0,1,9
4,40306,0,1,99
4,40319,0,1,99
4,40334,0,1,0
4,40341,0,1,9
4,40345,0,1,0
4,40348,0,1,99
4,40352,0,1,0
4,40352,0,2,0
4,40353,0,1,3
4,40353,0,2,0
4,40355,0,1,99
4,40356,0,1,0
4,40357,0,1,0
4,40361,0,1,99
4,40365,0,1,99
4,40369,0,1,99
4,40373,0,1,99
4,40376,0,1,99
4,40380,0,1,0
4,40381,0,1,0
4,40382,0,1,0
4,40383,0,1,99
4,40384,0,1,9
4,40387,0,1,99
4,40393,0,1,0
4,40411,0,1,9
4,40412,0,1,99
4,40415,0,1,99
4,40420,0,1,0
4,40423,0,1,0
4,40426,0,1,9
4,40427,0,1,0
4,40429,0,1,0
4,40432,0,1,0
4,40439,0,1,9
4,40445,0,1,9
4,40446,0,1,0
4,40449,0,1,99
4,40450,0,1,9
4,40454,0,1,99
4,40458,0,1,0
4,40463,0,1,99
4,40471,0,1,9
4,40477,0,1,9
4,40477,0,2,9
4,40478,0,1,9
4,40481,0,1,0
4,40481,0,2,0
4,40486,0,1,0
4,40488,0,1,0
4,40489,0,1,99
4,40490,0,1,9
4,40499,0,1,0
4,40502,0,1,0
4,40516,0,1,0
4,40517,0,1,99
4,40522,0,1,9
4,40527,0,1,99
4,40528,0,1,0
4,40530,0,1,99
4,40531,0,1,99
4,40537,0,1,9
4,40547,0,1,9
4,40549,0,1,0
4,40549,0,2,0
4,40549,0,3,0
4,40550,0,1,9
4,40557,0,1,99
4,40561,0,1,9
4,40562,0,1,99
4,40564,0,1,9
4,40568,0,1,9
4,40573,0,1,9
4,40574,0,1,9
4,40582,0,1,9
4,40589,0,1,0
4,40592,0,1,0
4,40596,0,1,98
4,40597,0,1,99
4,40616,0,1,9
4,40617,0,1,0
4,40621,0,1,99
4,40624,0,1,99
4,40625,0,1,3
4,40630,0,1,9
4,40638,0,1,9
4,40639,0,1,0
4,40640,0,1,99
4,40643,0,1,9
4,40644,0,1,9
4,40653,0,1,99
4,40661,0,1,0
4,40668,0,1,98
4,40669,0,1,96
4,40670,0,1,9
4,40675,0,1,9
4,40680,0,1,99
4,40691,0,1,99
4,40697,0,1,0
4,40701,0,1,0
4,40701,0,2,0
4,40702,0,1,9
4,40703,0,1,0
4,40705,0,1,0
4,40710,0,1,0
4,40711,0,1,99
4,40713,0,1,99
4,40715,0,1,99
4,40718,0,1,99
4,40721,0,1,99
4,40727,0,1,99
4,40731,0,1,98
4,40732,0,1,99
4,40738,0,1,0
4,40746,0,1,0
4,40747,0,1,99
4,40751,0,1,0
4,40752,0,1,99
4,40754,0,1,99
4,40760,0,1,9
4,40763,0,1,9
4,40765,0,1,0
4,40770,0,1,99
4,40771,0,1,98
4,40772,0,1,99
4,40775,0,1,9
4,40779,0,1,99
4,40782,0,1,0
4,40793,0,1,99
4,40794,0,1,1
4,40794,0,1,9
4,40795,0,1,0
4,40796,0,1,99
4,40799,0,1,99
4,40805,0,1,99
4,40806,0,1,99
4,40808,0,1,0
5,50004,0,1,99
5,50021,0,1,99
5,50026,0,1,98
5,50033,0,1,99
5,50038,0,1,98
5,50048,0,1,99
5,50053,0,1,5
5,50053,0,1,9
5,50070,0,1,99
5,50070,0,2,0
5,50072,0,1,99
5,50077,0,1,0
5,50089,0,1,99
5,50092,0,1,99
5,50102,0,1,10
5,50103,0,1,9
5,50111,0,1,99
5,50122,0,1,99
5,50128,0,1,99
5,50128,0,2,99
5,50133,0,1,98
5,50139,0,1,8
5,50156,0,1,99
5,50166,0,1,0
5,50171,0,1,99
5,50194,0,1,99
5,50235,0,1,4
5,50237,0,1,0
5,50237,0,2,0
5,50237,0,3,0
5,50237,0,4,0
5,50237,0,5,0
5,50237,0,6,0
5,50237,0,7,0
5,50237,0,8,0
5,50237,0,9,0
5,50245,0,1,8
5,50255,0,1,99
5,50265,0,1,99
5,50271,0,1,8
5,50273,0,1,9
5,50274,0,1,99
5,50287,0,1,99
5,50292,0,1,10
5,50316,0,1,10
5,50324,0,1,98
5,50330,0,1,99
5,50330,0,2,99
5,50341,0,1,99
5,50356,0,1,99
5,50360,0,1,99
5,50362,0,1,0
5,50368,0,1,99
5,50373,0,1,99
5,50378,0,1,99
5,50395,0,1,99
5,50399,0,1,99
5,50416,0,1,99
5,50417,0,1,99
5,50419,0,1,99
5,50428,0,1,0
5,50437,0,1,99
5,50459,0,1,98
6,60001,0,1,99
6,60004,0,1,99
6,60005,0,1,99
6,60011,0,1,98
6,60015,0,1,9
6,60016,0,1,0
6,60017,0,1,99
6,60019,0,1,99
6,60024,0,1,99
6,60025,0,1,99
6,60026,0,1,99
6,60027,0,1,0
6,60028,0,1,99
6,60030,0,1,3
6,60031,0,1,99
6,60033,0,1,99
6,60037,0,1,98
6,60037,0,2,98
6,60040,0,1,0
6,60040,0,2,0
6,60042,0,1,99
6,60043,0,1,0
6,60051,0,1,99
6,60052,0,1,99
6,60060,0,1,99
6,60063,0,1,99
6,60065,0,1,9
6,60068,0,1,0
6,60069,0,1,99
6,60074,0,1,0
6,60076,0,1,99
6,60078,0,1,0
6,60079,0,1,99
6,60086,0,1,0
6,60087,0,1,99
6,60090,0,1,99
6,60091,0,1,0
6,60094,0,1,99
6,60097,0,1,0
6,60099,0,1,99
6,60100,0,1,0
6,60103,0,1,0
6,60106,0,1,99
6,60109,0,1,99
6,60114,0,1,9
6,60118,0,1,99
6,60121,0,1,99
6,60122,0,1,0
6,60127,0,1,0
6,60130,0,1,9
6,60130,0,2,9
6,60131,0,1,99
6,60132,0,1,0
6,60134,0,1,99
6,60137,0,1,99
6,60137,0,2,0
6,60137,0,3,0
6,60137,0,4,0
6,60139,0,1,99
6,60139,0,2,99
6,60145,0,1,9
6,60148,0,1,99
6,60149,0,1,0
6,60150,0,1,0
6,60150,0,2,0
6,60152,0,1,99
6,60153,0,1,0
6,60158,0,1,99
6,60160,0,1,9
6,60164,0,1,98
6,60165,0,1,99
6,60169,0,1,99
6,60171,0,1,0
6,60173,0,1,99
6,60177,0,1,0
6,60177,0,2,0
6,60177,0,3,0
6,60180,0,1,9
6,60182,0,1,0
6,60185,0,1,9
6,60186,0,1,99
6,60193,0,1,0
6,60194,0,1,0
6,60198,0,1,99
6,60200,0,1,0
6,60201,0,1,0
6,60202,0,1,99
6,60206,0,1,99
6,60209,0,1,9
6,60213,0,1,0
6,60217,0,1,9
6,60221,0,1,0
6,60223,0,1,99
6,60228,0,1,0
6,60231,0,1,99
6,60233,0,1,99
6,60237,0,1,0
6,60238,0,1,0
6,60239,0,1,99
6,60240,0,1,0
6,60244,0,1,99
6,60245,0,1,0
6,60249,0,1,99
6,60250,0,1,99
6,60254,0,1,99
6,60256,0,1,0
6,60259,0,1,99
6,60261,0,1,9
6,60265,0,1,99
6,60268,0,1,99
6,60270,0,1,0
6,60273,0,1,0
6,60275,0,1,0
6,60276,0,1,0
6,60279,0,1,0
6,60282,0,1,9
6,60284,0,1,99
6,60288,0,1,0
6,60292,0,1,0
6,60293,0,1,0
6,60295,0,1,0
6,60295,0,2,0
6,60299,0,1,99
6,60301,0,1,0
6,60302,0,1,99
6,60307,0,1,99
6,60310,0,1,0
6,60320,0,1,99
6,60325,0,1,99
6,60326,0,1,0
6,60327,0,1,0
6,60329,0,1,99
6,60330,0,1,98
6,60332,0,1,99
6,60340,0,1,0
6,60340,0,2,0
6,60340,0,3,0
6,60340,0,4,0
6,60340,0,5,0
6,60346,0,1,9
6,60347,0,1,9
6,60348,0,1,0
6,60357,0,1,9
6,60363,0,1,99
6,60370,0,1,98
6,60371,0,1,99
6,60380,0,1,0
6,60384,0,1,9
6,60395,0,1,0
6,60396,0,1,0
6,60396,0,2,98
6,60400,0,1,9
6,60401,0,1,99
6,60402,0,1,99
6,60408,0,1,9
6,60415,0,1,99
6,60425,0,1,0
6,60426,0,1,0
6,60453,0,1,0
6,60463,0,1,99
6,60464,0,1,99
6,60475,0,1,0
6,60479,0,1,0
6,60481,0,1,0
6,60482,0,1,99
6,60483,0,1,99
6,60484,0,1,0
6,60485,0,1,99
6,60487,0,1,0
6,60491,0,1,0
6,60494,0,1,99
6,60496,0,1,9
6,60497,0,1,99
6,60505,0,1,99
6,60506,0,1,0
6,60508,0,1,0
6,60523,0,1,99
6,60531,0,1,0
6,60532,0,1,0
6,60533,0,1,99
6,60533,0,2,99
6,60534,0,1,99
6,60534,0,2,0
6,60538,0,1,99
6,60541,0,1,0
6,60542,0,1,0
6,60547,0,1,99
6,60557,0,1,0
6,60559,0,1,99
6,60562,0,1,99
6,60564,0,1,99
6,60568,0,1,99
6,60573,0,1,99
6,60583,0,1,99
6,60584,0,1,0
6,60585,0,1,99
6,60586,0,1,0
6,60590,0,1,0
6,60597,0,1,99
6,60602,0,1,0
6,60606,0,1,99
6,60607,0,1,9
6,60607,0,2,9
6,60611,0,1,0
6,60614,0,1,0
6,60616,0,1,9
6,60619,0,1,9
6,60625,0,1,0
6,60627,0,1,0
6,60628,0,1,9
6,60631,0,1,99
6,60633,0,1,0
6,60634,0,1,99
6,60639,0,1,99
6,60651,0,1,99
6,60655,0,1,0
6,60658,0,1,99
6,60659,0,1,99
6,60661,0,1,0
6,60664,0,1,99
6,60668,0,1,9
6,60671,0,1,0
6,60672,0,1,99
6,60681,0,1,9
6,60686,0,1,0
6,60688,0,1,99
6,60690,0,1,9
6,60691,0,1,8
6,60691,0,1,9
6,60716,0,1,99
6,60717,0,1,99
6,60723,0,1,0
6,60723,0,2,0
6,60723,0,3,0
6,60727,0,1,99
6,60729,0,1,99
6,60730,0,1,0
6,60731,0,1,0
6,60735,0,1,99
6,60736,0,1,99
6,60738,0,1,0
6,60741,0,1,0
6,60750,0,1,9
6,60764,0,1,99
6,60767,0,1,0
6,60771,0,1,99
6,60771,0,2,0
6,60779,0,1,99
6,60782,0,1,99
6,60783,0,1,99
6,60786,0,1,99
6,60790,0,1,99
6,60791,0,1,99
6,60794,0,1,99
6,60797,0,1,3
6,60807,0,1,0
6,60814,0,1,0
6,60815,0,1,0
6,60820,0,1,99
6,60821,0,1,9
6,60826,0,1,0
6,60831,0,1,0
6,60834,0,1,99
6,60846,0,1,0
6,60850,0,1,0
6,60855,0,1,0
6,60870,0,1,0
6,60873,0,1,99
6,60888,0,1,99
6,60905,0,1,0
6,60914,0,1,0
6,60914,0,2,0
6,60916,0,1,0
6,60917,0,1,98
6,60919,0,1,99
6,60921,0,1,0
6,60930,0,1,0
6,60932,0,1,0
6,60932,0,2,0
6,60934,0,1,99
6,60942,0,1,99
6,60942,0,2,0
6,60942,0,3,0
6,60945,0,1,9
6,60946,0,1,99
6,60947,0,1,99
6,60948,0,1,99
6,60951,0,1,99
6,60959,0,1,0
6,60961,0,1,0
6,60965,0,1,99
6,60969,0,1,0
6,60970,0,1,9
6,60971,0,1,9
6,60973,0,1,99
6,60976,0,1,9
6,60983,0,1,0
6,60984,0,1,99
6,60985,0,1,10
6,60986,0,1,99
6,60987,0,1,99
6,60991,0,1,9
6,60994,0,1,99
6,60995,0,1,0
6,61001,0,1,99
6,61001,0,2,99
6,61003,0,1,99
6,61005,0,1,0
6,61006,0,1,99
6,61008,0,1,0
6,61014,0,1,99
6,61015,0,1,99
6,61027,0,1,99
6,61033,0,1,0
6,61035,0,1,0
6,61036,0,1,9
6,61037,0,1,99
6,61038,0,1,0
6,61043,0,1,0
6,61047,0,1,99
6,61048,0,1,0
6,61053,0,1,99
6,61054,0,1,99
6,61055,0,1,99
6,61057,0,1,0
6,61059,0,1,99
6,61062,0,1,9
6,61065,0,1,9
6,61073,0,1,99
6,61075,0,1,99
6,61084,0,1,99
6,61085,0,1,0
6,61090,0,1,99
6,61093,0,1,0
6,61094,0,1,99
6,61095,0,1,0
6,61098,0,1,99
6,61100,0,1,99
6,61101,0,1,0
6,61104,0,1,99
6,61105,0,1,0
6,61112,0,1,99
6,61113,0,1,98
6,61115,0,1,99
6,61118,0,1,99
6,61120,0,1,9
6,61121,0,1,99
6,61130,0,1,98
6,61130,0,2,98
6,61130,0,3,98
6,61130,0,4,98
6,61133,0,1,99
6,61136,0,1,0
6,61143,0,1,0
6,61149,0,1,0
6,61156,0,1,99
6,61157,0,1,99
6,61158,0,1,0
6,61159,0,1,0
6,61160,0,1,9
6,61161,0,1,9
6,61165,0,1,0
6,61166,0,1,99
6,61176,0,1,9
6,61182,0,1,9
6,61184,0,1,99
6,61190,0,1,99
6,61193,0,1,0
6,61195,0,1,99
6,61201,0,1,0
6,61201,0,2,7
6,61206,0,1,99
6,61207,0,1,99
6,61208,0,1,0
6,61209,0,1,99
6,61213,0,1,0
6,61213,0,2,0
6,61213,0,3,0
6,61215,0,1,99
6,61219,0,1,99
6,61222,0,1,0
6,61223,0,1,99
6,61225,0,1,99
6,61226,0,1,99
6,61234,0,1,99
6,61236,0,1,99
6,61237,0,1,99
6,61238,0,1,99
6,61239,0,1,99
6,61240,0,1,99
6,61243,0,1,99
6,61244,0,1,99
6,61262,0,1,0
6,61263,0,1,0
6,61264,0,1,99
6,61268,0,1,0
6,61271,0,1,99
6,61276,0,1,99
6,61280,0,1,9
6,61281,0,1,99
6,61282,0,1,9
6,61285,0,1,0
6,61286,0,1,99
6,61287,0,1,99
6,61289,0,1,0
6,61293,0,1,9
6,61298,0,1,9
6,61302,0,1,3
6,61306,0,1,99
6,61311,0,1,99
6,61321,0,1,9
6,61322,0,1,0
6,61325,0,1,99
6,61328,0,1,99
6,61332,0,1,0
6,61333,0,1,99
6,61334,0,1,99
6,61337,0,1,99
6,61342,0,1,0
6,61357,0,1,99
6,61360,0,1,0
6,61361,0,1,9
6,61363,0,1,99
6,61364,0,1,99
6,61365,0,1,99
6,61368,0,1,99
6,61374,0,1,0
6,61377,0,1,99
6,61378,0,1,9
6,61380,0,1,0
6,61383,0,1,99
6,61384,0,1,99
6,61392,0,1,0
6,61392,0,2,0
6,61396,0,1,9
6,61397,0,1,99
6,61407,0,1,0
6,61413,0,1,99
6,61415,0,1,99
6,61417,0,1,9
6,61419,0,1,99
6,61420,0,1,99
6,61423,0,1,99
6,61424,0,1,99
6,61439,0,1,9
6,61439,0,2,9
6,61440,0,1,99
6,61455,0,1,99
6,61457,0,1,9
6,61460,0,1,99
6,61470,0,1,0
6,61471,0,1,99
6,61472,0,1,98
6,61477,0,1,0
6,61480,0,1,9
6,61489,0,1,99
6,61491,0,1,9
6,61512,0,1,99
6,61515,0,1,0
6,61518,0,1,0
6,61520,0,1,99
6,61520,0,2,99
6,61522,0,1,0
6,61527,0,1,99
6,61529,0,1,0
6,61535,0,1,9
6,61541,0,1,9
6,61542,0,1,99
6,61546,0,1,99
6,61547,0,1,99
6,61552,0,1,99
6,61552,0,2,99
6,61558,0,1,9
6,61561,0,1,99
6,61563,0,1,99
6,61566,0,1,99
6,61570,0,1,99
6,61570,0,2,99
6,61571,0,1,0
6,61572,0,1,99
6,61576,0,1,0
6,61576,0,2,0
6,61577,0,1,9
6,61580,0,1,99
6,61589,0,1,99
6,61591,0,1,99
6,61594,0,1,99
6,61602,0,1,99
6,61603,0,1,0
6,61604,0,1,9
6,61605,0,1,9
6,61606,0,1,0
6,61612,0,1,0
6,61613,0,1,99
6,61614,0,1,99
6,61614,0,2,99
6,61614,0,3,99
6,61614,0,4,99
6,61614,0,5,99
6,61616,0,1,0
6,61616,0,2,0
6,61618,0,1,99
6,61619,0,1,6
6,61624,0,1,99
6,61627,0,1,0
6,61632,0,1,99
6,61636,0,1,0
6,61636,0,2,0
6,61639,0,1,0
6,61639,0,2,0
6,61639,0,3,0
6,61641,0,1,0
6,61645,0,1,0
6,61645,0,2,0
6,61651,0,1,0
6,61655,0,1,9
6,61660,0,1,99
6,61666,0,1,99
6,61667,0,1,0
6,61667,0,2,0
6,61669,0,1,0
6,61676,0,1,99
6,61677,0,1,98
6,61678,0,1,0
6,61680,0,1,99
6,61681,0,1,9
6,61683,0,1,99
6,61685,0,1,99
6,61696,0,1,3
6,61699,0,1,0
6,61700,0,1,0
6,61702,0,1,99
6,61707,0,1,99
6,61709,0,1,99
6,61710,0,1,99
6,61712,0,1,0
6,61715,0,1,99
6,61718,0,1,99
6,61726,0,1,99
6,61727,0,1,98
6,61730,0,1,99
6,61732,0,1,99
6,61733,0,1,0
6,61738,0,1,99
6,61744,0,1,0
6,61756,0,1,98
6,61761,0,1,99
6,61764,0,1,9
6,61765,0,1,99
6,61766,0,1,9
6,61767,0,1,99
6,61772,0,1,9
6,61775,0,1,99
6,61776,0,1,0
6,61778,0,1,99
6,61783,0,1,0
6,61786,0,1,0
6,61786,0,2,0
6,61790,0,1,99
6,61792,0,1,9
6,61792,0,2,9
6,61793,0,1,8
6,61794,0,1,0
6,61795,0,1,99
6,61796,0,1,99
6,61802,0,1,0
6,61805,0,1,99
6,61806,0,1,0
6,61807,0,1,99
6,61809,0,1,99
6,61816,0,1,0
6,61818,0,1,99
6,61820,0,1,99
6,61822,0,1,99
6,61824,0,1,99
6,61828,0,1,99
6,61831,0,1,99
6,61833,0,1,98
6,61835,0,1,0
6,61838,0,1,99
6,61839,0,1,99
6,61840,0,1,99
6,61841,0,1,99
6,61844,0,1,99
6,61845,0,1,99
6,61846,0,1,99
6,61849,0,1,0
6,61851,0,1,0
6,61851,0,2,0
6,61852,0,1,99
6,61853,0,1,99
6,61856,0,1,99
6,61859,0,1,99
6,61859,0,2,99
6,61863,0,1,9
6,61864,0,1,99
6,61870,0,1,99
6,61883,0,1,0
6,61883,0,2,0
6,61890,0,1,0
6,61898,0,1,9
6,61900,0,1,9
6,61901,0,1,9
6,61906,0,1,9
6,61906,0,2,0
6,61912,0,1,0
6,61921,0,1,99
6,61923,0,1,99
6,61932,0,1,0
6,61933,0,1,0
6,61935,0,1,0
6,61936,0,1,98
6,61937,0,1,99
6,61940,0,1,10
6,61941,0,1,99
6,61942,0,1,99
6,61951,0,1,9
6,61957,0,1,99
6,61960,0,1,0
6,61966,0,1,99
6,61968,0,1,99
6,61969,0,1,99
6,61972,0,1,9
6,61973,0,1,99
6,61975,0,1,9
6,61977,0,1,99
6,61977,0,2,0
6,61980,0,1,99
6,61981,0,1,0
6,61986,0,1,0
6,61986,0,2,0
6,61992,0,1,9
6,61993,0,1,99
6,61998,0,1,99
6,62000,0,1,99
6,62003,0,1,0
6,62008,0,1,99
6,62011,0,1,99
6,62016,0,1,99
6,62018,0,1,99
6,62019,0,1,9
6,62020,0,1,9
6,62022,0,1,99
6,62024,0,1,99
6,62027,0,1,0
6,62027,0,2,0
6,62027,0,3,0
6,62027,0,4,0
6,62032,0,1,99
6,62033,0,1,99
6,62034,0,1,0
6,62035,0,1,0
6,62036,0,1,9
6,62039,0,1,99
6,62045,0,1,99
6,62048,0,1,99
6,62049,0,1,99
6,62054,0,1,99
6,62057,0,1,99
6,62060,0,1,0
6,62062,0,1,0
6,62067,0,1,9
6,62068,0,1,99
6,62070,0,1,9
6,62071,0,1,99
6,62072,0,1,0
6,62076,0,1,99
6,62076,0,2,99
6,62079,0,1,99
6,62080,0,1,99
6,62082,0,1,99
6,62084,0,1,99
6,62094,0,1,99
6,62099,0,1,0
6,62101,0,1,0
6,62109,0,1,99
6,62114,0,1,0
6,62124,0,1,99
6,62125,0,1,0
6,62128,0,1,99
6,62132,0,1,0
6,62132,0,2,0
6,62142,0,1,99
6,62144,0,1,99
6,62148,0,1,0
6,62149,0,1,98
6,62155,0,1,99
6,62156,0,1,98
6,62158,0,1,99
6,62162,0,1,0
6,62166,0,1,0
6,62167,0,1,0
6,62170,0,1,99
6,62171,0,1,3
6,62177,0,1,9
6,62178,0,1,0
6,62178,0,2,0
6,62180,0,1,0
6,62180,0,2,0
6,62181,0,1,99
6,62186,0,1,99
6,62188,0,1,99
6,62189,0,1,99
6,62190,0,1,9
6,62191,0,1,0
6,62193,0,1,0
6,62197,0,1,99
6,62198,0,1,9
6,62200,0,1,0
6,62203,0,1,99
6,62205,0,1,99
6,62208,0,1,9
6,62210,0,1,0
6,62212,0,1,0
6,62213,0,1,99
6,62215,0,1,99
6,62220,0,1,99
6,62225,0,1,99
6,62226,0,1,99
6,62228,0,1,9
6,62231,0,1,99
6,62232,0,1,0
6,62233,0,1,98
6,62237,0,1,9
6,62238,0,1,9
6,62239,0,1,0
6,62244,0,1,0
6,62247,0,1,99
6,62251,0,1,0
6,62252,0,1,99
6,62253,0,1,9
6,62254,0,1,0
6,62261,0,1,99
6,62266,0,1,0
6,62268,0,1,99
6,62275,0,1,99
6,62277,0,1,0
6,62278,0,1,0
6,62281,0,1,98
6,62282,0,1,9
6,62285,0,1,99
6,62286,0,1,99
6,62287,0,1,99
6,62289,0,1,9
6,62292,0,1,0
6,62292,0,2,0
6,62294,0,1,9
6,62297,0,1,1
6,62297,0,1,9
6,62306,0,1,99
6,62309,0,1,99
6,62311,0,1,99
6,62311,0,2,0
6,62311,0,3,0
6,62312,0,1,98
6,62315,0,1,99
6,62320,0,1,99
6,62324,0,1,99
6,62328,0,1,0
6,62331,0,1,0
6,62335,0,1,9
6,62336,0,1,0
6,62337,0,1,9
6,62339,0,1,99
6,62340,0,1,0
6,62345,0,1,0
6,62345,0,2,0
6,62347,0,1,0
6,62348,0,1,99
6,62349,0,1,99
6,62350,0,1,0
6,62352,0,1,9
6,62353,0,1,0
6,62355,0,1,99
6,62359,0,1,0
6,62361,0,1,99
6,62362,0,1,99
6,62364,0,1,9
6,62365,0,1,99
6,62367,0,1,9
6,62370,0,1,0
6,62374,0,1,0
6,62374,0,2,0
6,62374,0,3,0
6,62378,0,1,99
6,62382,0,1,99
6,62383,0,1,9
6,62387,0,1,99
6,62391,0,1,99
6,62396,0,1,98
6,62401,0,1,9
6,62402,0,1,0
6,62407,0,1,9
6,62411,0,1,0
6,62412,0,1,0
6,62414,0,1,9
6,62415,0,1,99
6,62416,0,1,0
6,62417,0,1,99
6,62420,0,1,99
6,62423,0,1,99
6,62424,0,1,99
6,62425,0,1,99
6,62427,0,1,0
6,62427,0,2,0
6,62430,0,1,9
6,62431,0,1,99
6,62434,0,1,0
6,62435,0,1,0
6,62439,0,1,0
6,62439,0,2,0
6,62440,0,1,99
6,62443,0,1,99
6,62445,0,1,9
6,62447,0,1,0
6,62448,0,1,9
6,62450,0,1,0
6,62453,0,1,9
6,62455,0,1,99
6,62456,0,1,99
6,62458,0,1,98
6,62461,0,1,9
6,62465,0,1,0
6,62467,0,1,9
6,62468,0,1,99
6,62470,0,1,9
6,62472,0,1,99
6,62473,0,1,0
6,62475,0,1,99
6,62486,0,1,9
6,62490,0,1,9
6,62491,0,1,9
6,62492,0,1,3
6,62494,0,1,99
6,62496,0,1,99
6,62497,0,1,0
6,62498,0,1,99
6,62504,0,1,98
6,62505,0,1,99
6,62506,0,1,99
6,62509,0,1,0
6,62510,0,1,99
6,62511,0,1,98
6,62512,0,1,9
6,62513,0,1,9
6,62514,0,1,0
6,62515,0,1,9
6,62516,0,1,99
6,62519,0,1,0
6,62525,0,1,0
6,62540,0,1,99
6,62548,0,1,99
6,62549,0,1,0
6,62552,0,1,99
6,62553,0,1,99
6,62554,0,1,99
6,62555,0,1,0
6,62557,0,1,0
6,62558,0,1,98
6,62560,0,1,99
6,62570,0,1,9
6,62573,0,1,0
6,62573,0,2,0
6,62574,0,1,0
6,62575,0,1,99
6,62578,0,1,0
6,62579,0,1,99
6,62582,0,1,0
6,62586,0,1,9
6,62590,0,1,99
6,62592,0,1,99
6,62595,0,1,99
6,62598,0,1,0
6,62599,0,1,0
6,62602,0,1,9
6,62604,0,1,0
6,62605,0,1,0
6,62606,0,1,0
6,62608,0,1,0
6,62611,0,1,9
6,62617,0,1,0
6,62618,0,1,99
6,62619,0,1,99
6,62621,0,1,99
6,62622,0,1,0
6,62625,0,1,99
6,62626,0,1,9
6,62630,0,1,99
6,62634,0,1,99
6,62634,0,2,99
6,62638,0,1,0
6,62639,0,1,99
6,62639,0,2,99
6,62640,0,1,98
6,62643,0,1,0
6,62644,0,1,99
6,62645,0,1,0
6,62646,0,1,99
6,62647,0,1,99
6,62653,0,1,0
6,62656,0,1,0
6,62659,0,1,99
6,62660,0,1,99
6,62661,0,1,99
6,62663,0,1,0
6,62666,0,1,0
6,62667,0,1,98
6,62668,0,1,98
6,62671,0,1,7
6,62673,0,1,99
6,62675,0,1,99
6,62678,0,1,99
6,62679,0,1,4
6,62681,0,1,98
6,62682,0,1,0
6,62683,0,1,99
6,62686,0,1,99
6,62689,0,1,9
6,62699,0,1,0
6,62701,0,1,98
6,62704,0,1,99
6,62705,0,1,98
6,62709,0,1,99
6,62710,0,1,0
6,62715,0,1,0
6,62715,0,2,0
6,62717,0,1,0
6,62717,0,2,0
6,62719,0,1,99
6,62720,0,1,9
6,62724,0,1,0
6,62725,0,1,9
6,62726,0,1,99
6,62726,0,2,0
6,62729,0,1,9
6,62730,0,1,4
6,62731,0,1,9
6,62735,0,1,0
6,62737,0,1,9
6,62742,0,1,99
6,62743,0,1,9
6,62745,0,1,0
6,62745,0,2,0
6,62745,0,3,0
6,62745,0,4,0
6,62746,0,1,0
6,62747,0,1,0
6,62747,0,2,0
6,62748,0,1,0
6,62752,0,1,0
6,62755,0,1,0
6,62757,0,1,9
6,62759,0,1,0
6,62768,0,1,99
6,62769,0,1,99
6,62770,0,1,0
6,62773,0,1,0
6,62776,0,1,98
6,62777,0,1,9
6,62781,0,1,0
6,62782,0,1,99
6,62790,0,1,0
6,62792,0,1,99
6,62795,0,1,6
6,62798,0,1,99
6,62802,0,1,0
6,62809,0,1,99
6,62810,0,1,0
6,62811,0,1,9
6,62814,0,1,9
6,62815,0,1,0
6,62822,0,1,9
6,62824,0,1,99
6,62825,0,1,99
6,62826,0,1,0
6,62828,0,1,0
6,62830,0,1,99
6,62832,0,1,99
6,62834,0,1,99
6,62835,0,1,9
6,62837,0,1,0
6,62838,0,1,99
6,62839,0,1,99
6,62840,0,1,0
6,62841,0,1,9
6,62844,0,1,99
6,62845,0,1,0
6,62846,0,1,99
6,62847,0,1,0
6,62851,0,1,0
6,62853,0,1,0
6,62853,0,2,0
6,62856,0,1,9
6,62856,0,2,0
6,62857,0,1,0
6,62859,0,1,0
6,62860,0,1,9
6,62864,0,1,99
8,80001,0,1,9
8,80003,0,1,0
8,80003,0,2,0
8,80015,0,1,9
8,80018,0,1,9
8,80021,0,1,0
8,80025,0,1,9
8,80038,0,1,9
8,80043,0,1,9
8,80054,0,1,3
8,80060,0,1,9
8,80063,0,1,0
8,80066,0,1,0
8,80070,0,1,0
8,80070,0,2,0
8,80070,0,3,0
8,80077,0,1,9
8,80080,0,1,9
8,80083,0,1,9
8,80086,0,1,0
8,80095,0,1,9
8,80103,0,1,0
8,80104,0,1,0
8,80110,0,1,0
8,80117,0,1,9
8,80121,0,1,0
8,80131,0,1,9
8,80134,0,1,0
8,80139,0,1,0
8,80141,0,1,0
8,80144,0,1,0
8,80153,0,1,0
8,80154,0,1,0
8,80160,0,1,0
8,80166,0,1,0
8,80173,0,1,0
8,80176,0,1,9
8,80177,0,1,9
8,80180,0,1,0
8,80189,0,1,0
8,80191,0,1,9
8,80196,0,1,0
8,80196,0,2,0
8,80196,0,3,0
8,80196,0,4,0
8,80196,0,5,0
8,80210,0,1,0
8,80214,0,1,0
8,80225,0,1,99
8,80237,0,1,0
8,80249,0,1,0
8,80253,0,1,0
8,80271,0,1,0
8,80289,0,1,3
8,80289,0,1,9
8,80305,0,1,0
8,80308,0,1,0
8,80310,0,1,9
8,80317,0,1,0
8,80345,0,1,0
8,80346,0,1,0
8,80348,0,1,9
8,80348,0,2,9
8,80348,0,3,9
8,80353,0,1,0
8,80361,0,1,0
8,80367,0,1,0
8,80385,0,1,0
8,80391,0,1,9
8,80395,0,1,9
8,80401,0,1,8
8,80401,0,1,9
8,80401,0,2,8
8,80401,0,2,9
8,80406,0,1,0
8,80425,0,1,0
8,80432,0,1,9
9,90002,0,1,98
9,90009,0,1,99
9,90014,0,1,0
9,90014,0,2,0
9,90014,0,3,0
9,90014,0,4,0
9,90018,0,1,98
9,90023,0,1,0
9,90030,0,1,98
9,90030,0,2,98
9,90040,0,1,0
9,90052,0,1,99
9,90061,0,1,9
9,90082,0,1,98
9,90098,0,1,0
9,90102,0,1,99
9,90116,0,1,0
9,90128,0,1,8
9,90149,0,1,98
9,90158,0,1,0
9,90164,0,1,0
9,90165,0,1,0
9,90173,0,1,0
9,90175,0,1,99
9,90182,0,1,99
9,90184,0,1,0
9,90185,0,1,99
9,90187,0,1,6
9,90188,0,1,9
9,90191,0,1,98
9,90199,0,1,99
9,90205,0,1,9
9,90206,0,1,0
9,90209,0,1,99
9,90220,0,1,98
9,90220,0,2,98
9,90223,0,1,0
9,90223,0,2,0
9,90227,0,1,0
9,90240,0,1,0
9,90241,0,1,0
9,90250,0,1,9
9,90255,0,1,98
9,90265,0,1,0
9,90266,0,1,0
9,90266,0,2,0
9,90266,0,3,0
10,100002,0,1,9
10,100003,0,1,99
10,100009,0,1,9
10,100012,0,1,0
10,100013,0,1,9
10,100016,0,1,0
10,100019,0,1,9
10,100038,0,1,0
10,100039,0,1,0
10,100039,0,2,9
10,100041,0,1,9
10,100041,0,2,9
10,100044,0,1,0
10,100049,0,1,0
10,100049,0,2,0
10,100051,0,1,9
10,100054,0,1,99
10,100061,0,1,9
10,100066,0,1,0
10,100074,0,1,8
10,100074,0,1,9
10,100074,0,2,8
10,100074,0,2,9
10,100076,0,1,9
10,100080,0,1,0
10,100081,0,1,9
10,100086,0,1,0
10,100087,0,1,99
10,100089,0,1,9
10,100090,0,1,99
10,100093,0,1,99
11,110001,0,1,0
11,110002,0,1,99
11,110004,0,1,9
11,110006,0,1,0
11,110008,0,1,0
11,110011,0,1,0
11,110014,0,1,99
11,110015,0,1,0
11,110016,0,1,0
11,110018,0,1,0
12,120005,0,1,98
12,120008,0,1,98
12,120009,0,1,98
12,120010,0,1,98
12,120011,0,1,98
12,120015,0,1,98
12,120017,0,1,98
12,120018,0,1,98
12,120021,0,1,98
12,120023,0,1,98
12,120028,0,1,98
12,120031,0,1,98
12,120035,0,1,98
12,120039,0,1,98
12,120040,0,1,98
12,120042,0,1,98
12,120045,0,1,98
12,120047,0,1,98
12,120056,0,1,98
12,120057,0,1,98
12,120058,0,1,98
12,120060,0,1,98
12,120061,0,1,98
12,120067,0,1,98
12,120071,0,1,98
12,120073,0,1,98
12,120074,0,1,98
12,120075,0,1,98
12,120077,0,1,98
12,120082,0,1,98
12,120092,0,1,98
12,120101,0,1,98
12,120103,0,1,98
12,120107,0,1,98
12,120113,0,1,98
12,120118,0,1,98
12,120123,0,1,98
12,120124,0,1,98
12,120126,0,1,98
12,120131,0,1,98
12,120145,0,1,98
12,120154,0,1,98
12,120156,0,1,98
12,120156,0,2,98
12,120157,0,1,98
12,120159,0,1,98
12,120160,0,1,98
12,120162,0,1,98
12,120164,0,1,98
12,120165,0,1,98
12,120172,0,1,98
12,120178,0,1,98
12,120188,0,1,98
12,120190,0,1,98
12,120190,0,2,98
12,120194,0,1,98
12,120199,0,1,98
12,120207,0,1,98
12,120217,0,1,98
12,120221,0,1,98
12,120224,0,1,98
12,120235,0,1,98
12,120238,0,1,98
12,120238,0,2,98
12,120242,0,1,98
12,120245,0,1,98
12,120247,0,1,98
12,120249,0,1,98
12,120251,0,1,98
12,120256,0,1,98
12,120259,0,1,98
12,120263,0,1,98
12,120264,0,1,98
12,120267,0,1,98
12,120268,0,1,0
12,120269,0,1,98
12,120270,0,1,98
12,120271,0,1,98
12,120272,0,1,98
12,120283,0,1,98
12,120289,0,1,98
12,120290,0,1,98
12,120298,0,1,98
12,120301,0,1,98
12,120302,0,1,98
12,120303,0,1,98
12,120311,0,1,98
12,120312,0,1,98
12,120314,0,1,98
12,120315,0,1,98
12,120320,0,1,98
12,120321,0,1,98
12,120324,0,1,98
12,120324,0,2,98
12,120325,0,1,98
12,120327,0,1,98
12,120330,0,1,98
12,120331,0,1,98
12,120342,0,1,98
12,120350,0,1,98
12,120351,0,1,98
12,120358,0,1,98
12,120359,0,1,98
12,120360,0,1,98
12,120362,0,1,98
12,120364,0,1,98
12,120367,0,1,98
12,120371,0,1,98
12,120375,0,1,98
12,120377,0,1,98
12,120385,0,1,98
12,120388,0,1,98
12,120389,0,1,98
12,120390,0,1,98
12,120406,0,1,98
12,120407,0,1,98
12,120413,0,1,98
12,120414,0,1,98
12,120418,0,1,98
12,120426,0,1,98
12,120427,0,1,98
12,120428,0,1,98
12,120431,0,1,98
12,120434,0,1,98
12,120437,0,1,98
12,120437,0,2,98
12,120441,0,1,98
12,120444,0,1,98
12,120451,0,1,98
12,120451,0,2,98
12,120464,0,1,98
12,120465,0,1,98
12,120465,0,2,98
12,120465,0,3,98
12,120468,0,1,98
12,120470,0,1,98
12,120473,0,1,98
12,120475,0,1,98
12,120477,0,1,98
12,120478,0,1,98
12,120479,0,1,98
12,120480,0,1,98
12,120482,0,1,98
12,120487,0,1,98
12,120488,0,1,98
12,120489,0,1,98
12,120506,0,1,98
12,120516,0,1,98
12,120520,0,1,98
12,120521,0,1,98
12,120524,0,1,98
12,120528,0,1,98
12,120530,0,1,98
12,120531,0,1,98
12,120533,0,1,98
12,120536,0,1,98
12,120540,0,1,98
12,120545,0,1,98
12,120546,0,1,98
12,120548,0,1,98
12,120550,0,1,98
12,120552,0,1,98
12,120554,0,1,98
12,120577,0,1,98
12,120579,0,1,98
12,120582,0,1,98
12,120583,0,1,98
12,120583,0,2,98
12,120601,0,1,98
12,120604,0,1,98
12,120605,0,1,98
12,120613,0,1,98
12,120620,0,1,98
12,120625,0,1,98
12,120628,0,1,98
12,120632,0,1,98
12,120634,0,1,98
12,120642,0,1,98
12,120647,0,1,98
12,120648,0,1,98
12,120648,0,2,98
12,120654,0,1,98
12,120656,0,1,98
12,120658,0,1,98
12,120662,0,1,98
12,120664,0,1,98
12,120665,0,1,9
12,120666,0,1,98
12,120683,0,1,98
12,120686,0,1,98
12,120688,0,1,98
12,120689,0,1,98
12,120695,0,1,98
12,120697,0,1,98
12,120702,0,1,0
12,120704,0,1,98
12,120705,0,1,98
12,120709,0,1,98
12,120711,0,1,98
12,120713,0,1,98
12,120714,0,1,98
12,120714,0,2,98
12,120714,0,3,98
12,120716,0,1,98
12,120724,0,1,98
12,120725,0,1,98
12,120725,0,2,98
12,120726,0,1,98
12,120730,0,1,98
12,120736,0,1,98
12,120740,0,1,98
12,120747,0,1,98
12,120751,0,1,98
12,120755,0,1,98
12,120756,0,1,98
12,120758,0,1,98
12,120766,0,1,98
12,120766,0,2,98
12,120772,0,1,98
12,120772,0,2,98
12,120784,0,1,98
12,120786,0,1,98
12,120788,0,1,98
12,120789,0,1,98
12,120792,0,1,98
12,120794,0,1,98
12,120806,0,1,98
12,120812,0,1,98
12,120814,0,1,98
12,120819,0,1,98
12,120819,0,2,98
12,120820,0,1,98
12,120824,0,1,98
12,120825,0,1,98
12,120834,0,1,98
12,120836,0,1,98
12,120846,0,1,98
12,120847,0,1,98
12,120851,0,1,98
12,120856,0,1,98
12,120858,0,1,98
12,120859,0,1,98
12,120864,0,1,98
12,120866,0,1,99
12,120869,0,1,98
12,120878,0,1,0
12,120881,0,1,98
12,120882,0,1,98
12,120884,0,1,98
12,120890,0,1,98
12,120891,0,1,98
12,120901,0,1,98
12,120905,0,1,98
12,120907,0,1,98
12,120908,0,1,98
12,120909,0,1,98
12,120911,0,1,98
12,120913,0,1,98
12,120914,0,1,98
12,120915,0,1,98
12,120920,0,1,98
12,120929,0,1,98
12,120934,0,1,98
12,120935,0,1,98
12,120937,0,1,98
12,120939,0,1,98
12,120939,0,2,98
12,120940,0,1,98
12,120944,0,1,98
12,120946,0,1,98
12,120948,0,1,98
12,120949,0,1,98
12,120951,0,1,98
12,120958,0,1,98
12,120962,0,1,98
12,120963,0,1,98
12,120971,0,1,98
12,120972,0,1,98
12,120973,0,1,98
12,120976,0,1,98
12,120977,0,1,98
12,120979,0,1,98
12,120982,0,1,98
12,120982,0,2,98
12,120987,0,1,98
12,120999,0,1,98
12,121006,0,1,98
12,121015,0,1,98
12,121019,0,1,98
12,121024,0,1,98
12,121027,0,1,98
12,121037,0,1,98
12,121039,0,1,98
12,121041,0,1,98
12,121046,0,1,98
12,121048,0,1,98
12,121058,0,1,98
12,121060,0,1,98
12,121066,0,1,98
12,121070,0,1,98
12,121078,0,1,98
12,121081,0,1,98
12,121093,0,1,98
12,121094,0,1,98
12,121103,0,1,98
12,121109,0,1,98
12,121111,0,1,98
12,121118,0,1,98
12,121118,0,2,98
12,121122,0,1,98
12,121124,0,1,98
12,121127,0,1,98
12,121129,0,1,98
12,121130,0,1,98
12,121139,0,1,98
12,121139,0,2,98
12,121145,0,1,98
12,121149,0,1,98
12,121153,0,1,98
12,121157,0,1,98
12,121160,0,1,98
12,121161,0,1,98
12,121164,0,1,98
12,121165,0,1,98
12,121169,0,1,98
12,121177,0,1,98
12,121181,0,1,98
12,121191,0,1,98
12,121194,0,1,98
12,121198,0,1,98
12,121199,0,1,98
12,121210,0,1,98
12,121212,0,1,98
12,121214,0,1,98
12,121215,0,1,98
12,121216,0,1,98
12,121217,0,1,98
12,121220,0,1,98
12,121222,0,1,98
12,121224,0,1,98
12,121227,0,1,98
12,121229,0,1,98
12,121234,0,1,98
12,121235,0,1,98
12,121242,0,1,98
12,121244,0,1,98
12,121245,0,1,98
12,121246,0,1,98
12,121250,0,1,98
12,121254,0,1,98
12,121259,0,1,98
12,121266,0,1,98
12,121274,0,1,98
12,121281,0,1,98
12,121282,0,1,98
12,121282,0,2,98
12,121283,0,1,98
12,121285,0,1,98
12,121286,0,1,98
12,121286,0,2,98
12,121290,0,1,98
12,121304,0,1,98
12,121305,0,1,98
12,121307,0,1,98
12,121315,0,1,98
12,121319,0,1,98
12,121321,0,1,98
12,121328,0,1,98
12,121330,0,1,98
12,121333,0,1,98
12,121338,0,1,98
12,121339,0,1,98
12,121340,0,1,98
12,121342,0,1,98
12,121347,0,1,98
12,121356,0,1,98
12,121358,0,1,98
12,121360,0,1,98
12,121365,0,1,98
12,121370,0,1,98
12,121371,0,1,98
12,121383,0,1,98
12,121384,0,1,98
12,121386,0,1,98
12,121386,0,2,98
12,121388,0,1,98
12,121389,0,1,98
12,121394,0,1,98
12,121394,0,2,98
12,121395,0,1,98
12,121405,0,1,98
12,121409,0,1,98
12,121411,0,1,98
12,121412,0,1,98
12,121414,0,1,98
12,121416,0,1,98
12,121430,0,1,98
12,121436,0,1,98
12,121440,0,1,98
12,121443,0,1,98
12,121448,0,1,98
12,121452,0,1,98
12,121454,0,1,98
12,121455,0,1,98
12,121457,0,1,98
12,121457,0,2,98
12,121463,0,1,98
12,121468,0,1,98
12,121471,0,1,98
12,121474,0,1,98
12,121476,0,1,98
12,121476,0,2,98
12,121477,0,1,98
12,121478,0,1,98
12,121480,0,1,98
12,121480,0,2,98
12,121481,0,1,98
12,121483,0,1,98
12,121484,0,1,98
12,121487,0,1,98
12,121493,0,1,98
12,121495,0,1,98
12,121506,0,1,98
12,121506,0,2,98
12,121506,0,3,98
12,121515,0,1,98
12,121520,0,1,98
12,121523,0,1,98
12,121525,0,1,98
12,121530,0,1,98
12,121534,0,1,98
12,121541,0,1,98
12,121549,0,1,98
12,121551,0,1,98
12,121552,0,1,98
12,121557,0,1,98
12,121559,0,1,98
12,121561,0,1,98
12,121562,0,1,98
12,121565,0,1,98
12,121566,0,1,98
12,121566,0,2,98
12,121576,0,1,98
12,121582,0,1,98
12,121583,0,1,98
12,121591,0,1,98
12,121592,0,1,98
12,121593,0,1,98
12,121594,0,1,99
12,121599,0,1,98
12,121603,0,1,98
12,121604,0,1,98
12,121607,0,1,98
12,121620,0,1,98
12,121622,0,1,98
12,121624,0,1,98
12,121628,0,1,98
12,121636,0,1,98
12,121637,0,1,98
12,121637,0,2,98
12,121639,0,1,98
12,121640,0,1,9
12,121642,0,1,98
12,121643,0,1,98
12,121646,0,1,98
12,121648,0,1,98
12,121651,0,1,98
12,121653,0,1,98
12,121655,0,1,98
12,121672,0,1,98
12,121677,0,1,98
12,121680,0,1,98
12,121684,0,1,98
12,121689,0,1,98
12,121692,0,1,98
12,121693,0,1,98
12,121701,0,1,98
12,121705,0,1,98
12,121706,0,1,98
12,121719,0,1,98
12,121722,0,1,98
12,121723,0,1,98
12,121724,0,1,98
12,121729,0,1,98
12,121735,0,1,98
12,121737,0,1,98
12,121753,0,1,98
12,121758,0,1,98
12,121759,0,1,98
12,121761,0,1,98
12,121763,0,1,98
12,121764,0,1,98
12,121767,0,1,98
12,121769,0,1,98
12,121772,0,1,98
12,121777,0,1,98
12,121778,0,1,98
12,121779,0,1,98
12,121780,0,1,98
12,121781,0,1,98
12,121783,0,1,98
12,121783,0,2,98
12,121786,0,1,98
12,121792,0,1,0
12,121794,0,1,98
12,121796,0,1,98
12,121802,0,1,98
12,121804,0,1,98
12,121805,0,1,98
12,121809,0,1,98
12,121811,0,1,98
12,121813,0,1,98
12,121814,0,1,98
12,121818,0,1,98
12,121820,0,1,98
12,121822,0,1,98
12,121823,0,1,98
12,121824,0,1,98
12,121824,0,2,98
12,121825,0,1,98
12,121827,0,1,98
12,121833,0,1,98
12,121838,0,1,98
12,121844,0,1,98
12,121848,0,1,98
12,121851,0,1,98
12,121852,0,1,98
12,121864,0,1,98
12,121867,0,1,98
12,121872,0,1,98
12,121876,0,1,98
12,121878,0,1,98
12,121884,0,1,98
12,121888,0,1,98
12,121897,0,1,98
12,121898,0,1,98
12,121906,0,1,98
12,121911,0,1,98
12,121918,0,1,98
12,121922,0,1,98
12,121923,0,1,98
12,121924,0,1,98
12,121924,0,2,98
12,121930,0,1,98
12,121933,0,1,98
12,121934,0,1,98
12,121935,0,1,98
12,121937,0,1,98
12,121938,0,1,98
12,121939,0,1,98
12,121941,0,1,98
12,121945,0,1,98
12,121945,0,2,98
12,121949,0,1,98
12,121955,0,1,98
12,121956,0,1,98
12,121964,0,1,98
12,121966,0,1,98
12,121967,0,1,98
12,121968,0,1,98
12,121969,0,1,98
12,121970,0,1,98
12,121971,0,1,98
12,121980,0,1,98
12,121984,0,1,98
12,121985,0,1,98
12,121986,0,1,98
12,121987,0,1,98
12,121990,0,1,98
12,121996,0,1,98
12,122008,0,1,98
12,122009,0,1,98
12,122012,0,1,98
12,122013,0,1,98
12,122014,0,1,98
12,122016,0,1,98
12,122018,0,1,98
12,122023,0,1,98
12,122023,0,2,98
12,122025,0,1,98
12,122027,0,1,98
12,122027,0,2,98
12,122029,0,1,98
12,122030,0,1,98
12,122030,0,2,98
12,122034,0,1,98
12,122038,0,1,98
12,122040,0,1,98
12,122047,0,1,98
12,122049,0,1,98
12,122049,0,2,98
12,122057,0,1,98
12,122065,0,1,98
12,122067,0,1,98
12,122072,0,1,98
12,122074,0,1,98
12,122074,0,2,98
12,122074,0,3,98
12,122077,0,1,98
12,122079,0,1,98
12,122080,0,1,98
12,122087,0,1,98
12,122089,0,1,98
12,122092,0,1,98
12,122099,0,1,98
12,122104,0,1,98
12,122106,0,1,98
12,122114,0,1,98
12,122117,0,1,98
12,122118,0,1,98
12,122126,0,1,98
12,122127,0,1,98
12,122141,0,1,98
12,122143,0,1,98
12,122144,0,1,98
12,122145,0,1,98
12,122147,0,1,98
12,122154,0,1,98
12,122158,0,1,98
12,122159,0,1,98
12,122162,0,1,98
12,122163,0,1,98
12,122164,0,1,98
12,122166,0,1,98
12,122168,0,1,98
12,122173,0,1,98
12,122182,0,1,98
12,122183,0,1,98
12,122189,0,1,98
12,122195,0,1,98
12,122198,0,1,98
12,122200,0,1,98
12,122203,0,1,98
12,122205,0,1,98
12,122207,0,1,98
12,122212,0,1,98
12,122213,0,1,98
12,122214,0,1,98
12,122216,0,1,98
12,122221,0,1,98
12,122224,0,1,98
12,122225,0,1,98
12,122226,0,1,98
12,122226,0,2,98
12,122229,0,1,98
12,122230,0,1,98
12,122233,0,1,98
12,122240,0,1,98
12,122241,0,1,98
12,122243,0,1,98
12,122245,0,1,98
12,122249,0,1,98
12,122254,0,1,98
12,122265,0,1,98
12,122267,0,1,98
12,122268,0,1,98
12,122270,0,1,98
12,122271,0,1,98
12,122273,0,1,98
12,122274,0,1,98
12,122279,0,1,98
12,122280,0,1,98
12,122282,0,1,98
12,122291,0,1,98
12,122292,0,1,98
12,122295,0,1,98
12,122296,0,1,98
12,122299,0,1,98
12,122304,0,1,98
12,122305,0,1,98
12,122310,0,1,98
12,122311,0,1,98
12,122313,0,1,98
12,122314,0,1,98
12,122322,0,1,98
12,122323,0,1,98
12,122324,0,1,98
12,122327,0,1,98
12,122328,0,1,98
13,130002,0,1,9
13,130010,0,1,98
13,130014,0,1,0
13,130017,0,1,98
13,130019,0,1,99
13,130023,0,1,0
13,130028,0,1,0
13,130028,0,2,0
13,130028,0,3,0
13,130035,0,1,9
13,130039,0,1,0
13,130040,0,1,99
13,130040,0,2,98
13,130052,0,1,99
13,130057,0,1,98
13,130062,0,1,0
13,130070,0,1,99
13,130073,0,1,98
13,130078,0,1,98
13,130087,0,1,98
13,130097,0,1,98
13,130101,0,1,99
13,130104,0,1,0
13,130108,0,1,0
13,130131,0,1,0
13,130131,0,2,0
13,130131,0,3,0
13,130135,0,1,99
13,130138,0,1,98
13,130141,0,1,98
13,130148,0,1,99
13,130152,0,1,99
13,130155,0,1,98
13,130165,0,1,98
13,130191,0,1,0
13,130194,0,1,98
13,130203,0,1,0
13,130205,0,1,0
13,130207,0,1,0
13,130212,0,1,99
13,130215,0,1,0
13,130218,0,1,98
13,130226,0,1,0
13,130229,0,1,98
13,130246,0,1,99
13,130247,0,1,98
13,130251,0,1,0
13,130253,0,1,0
13,130256,0,1,98
13,130271,0,1,99
13,130272,0,1,0
13,130273,0,1,98
13,130292,0,1,98
13,130295,0,1,99
13,130297,0,1,99
13,130303,0,1,0
13,130304,0,1,0
13,130308,0,1,98
13,130318,0,1,98
13,130334,0,1,0
13,130344,0,1,0
13,130348,0,1,0
13,130349,0,1,98
13,130356,0,1,98
13,130370,0,1,99
13,130389,0,1,0
13,130394,0,1,8
13,130396,0,1,99
13,130398,0,1,9
13,130405,0,1,0
13,130416,0,1,0
13,130417,0,1,99
13,130422,0,1,9
13,130424,0,1,99
13,130426,0,1,99
13,130434,0,1,99
13,130436,0,1,99
13,130440,0,1,98
13,130453,0,1,99
13,130454,0,1,0
13,130465,0,1,99
13,130468,0,1,99
13,130481,0,1,99
13,130497,0,1,98
13,130500,0,1,99
13,130505,0,1,98
13,130508,0,1,98
13,130509,0,1,98
13,130515,0,1,0
13,130519,0,1,99
13,130521,0,1,0
13,130524,0,1,0
13,130525,0,1,98
13,130532,0,1,99
13,130537,0,1,98
13,130547,0,1,99
13,130558,0,1,0
13,130565,0,1,0
13,130567,0,1,0
13,130573,0,1,99
13,130578,0,1,0
13,130581,0,1,98
13,130581,0,2,98
13,130595,0,1,98
13,130605,0,1,0
13,130609,0,1,98
13,130609,0,2,98
13,130629,0,1,98
13,130631,0,1,98
13,130637,0,1,0
13,130639,0,1,9
13,130645,0,1,9
13,130653,0,1,0
13,130661,0,1,98
13,130665,0,1,98
13,130667,0,1,98
13,130672,0,1,98
13,130679,0,1,0
13,130684,0,1,98
13,130684,0,2,98
13,130687,0,1,99
13,130688,0,1,0
13,130689,0,1,98
13,130690,0,1,98
13,130693,0,1,0
13,130705,0,1,98
13,130711,0,1,0
13,130718,0,1,99
13,130720,0,1,0
13,130721,0,1,99
13,130725,0,1,99
13,130726,0,1,9
13,130735,0,1,96
13,130740,0,1,9
13,130746,0,1,9
13,130747,0,1,99
13,130748,0,1,0
13,130749,0,1,0
13,130761,0,1,0
13,130770,0,1,0
13,130777,0,1,98
13,130783,0,1,98
13,130792,0,1,98
13,130798,0,1,0
13,130810,0,1,98
13,130814,0,1,98
13,130815,0,1,0
13,130823,0,1,0
13,130834,0,1,98
13,130834,0,2,98
13,130837,0,1,0
13,130842,0,1,0
13,130844,0,1,0
13,130850,0,1,99
13,130855,0,1,0
13,130856,0,1,0
13,130872,0,1,0
13,130877,0,1,99
13,130878,0,1,0
13,130881,0,1,98
13,130882,0,1,98
13,130887,0,1,98
13,130888,0,1,98
13,130895,0,1,98
13,130896,0,1,98
13,130898,0,1,0
13,130899,0,1,98
13,130899,0,2,98
13,130902,0,1,8
13,130904,0,1,0
13,130905,0,1,0
13,130911,0,1,99
13,130914,0,1,98
13,130916,0,1,0
13,130920,0,1,0
13,130921,0,1,98
13,130927,0,1,9
13,130929,0,1,0
13,130933,0,1,98
13,130936,0,1,0
13,130948,0,1,98
13,130951,0,1,98
13,130954,0,1,0
13,130960,0,1,98
13,130969,0,1,99
13,130970,0,1,98
13,130972,0,1,0
13,130974,0,1,98
13,130978,0,1,9
13,130979,0,1,0
13,130981,0,1,98
13,130985,0,1,98
13,130988,0,1,99
13,130989,0,1,0
13,130996,0,1,0
13,131004,0,1,98
13,131008,0,1,0
13,131009,0,1,98
13,131013,0,1,99
13,131021,0,1,99
13,131026,0,1,98
13,131029,0,1,98
13,131030,0,1,98
13,131037,0,1,99
13,131038,0,1,98
13,131039,0,1,98
13,131040,0,1,98
13,131044,0,1,99
13,131049,0,1,98
13,131054,0,1,99
13,131058,0,1,0
13,131065,0,1,98
13,131068,0,1,0
13,131071,0,1,0
13,131079,0,1,98
13,131080,0,1,99
15,150003,0,1,0
15,150004,0,1,0
15,150006,0,1,99
15,150013,0,1,0
15,150015,0,1,0
15,150018,0,1,0
15,150021,0,1,0
15,150023,0,1,0
15,150026,0,1,99
15,150027,0,1,0
15,150029,0,1,99
15,150033,0,1,0
15,150035,0,1,0
15,150041,0,1,0
15,150046,0,1,0
15,150047,0,1,98
15,150058,0,1,9
15,150059,0,1,98
15,150061,0,1,99
15,150062,0,1,99
15,150069,0,1,0
15,150075,0,1,0
15,150076,0,1,0
15,150080,0,1,0
15,150089,0,1,3
15,150094,0,1,99
15,150095,0,1,0
16,160005,0,1,9
16,160006,0,1,0
16,160009,0,1,0
16,160013,0,1,0
16,160044,0,1,9
16,160064,0,1,9
16,160100,0,1,9
16,160106,0,1,0
16,160116,0,1,0
16,160124,0,1,0
16,160139,0,1,9
16,160143,0,1,0
16,160144,0,1,9
16,160145,0,1,0
16,160147,0,1,0
16,160148,0,1,0
16,160172,0,1,0
16,160173,0,1,0
17,170002,0,1,0
17,170006,0,1,9
17,170010,0,1,0
17,170013,0,1,9
17,170014,0,1,9
17,170020,0,1,99
17,170021,0,1,99
17,170025,0,1,98
17,170027,0,1,99
17,170039,0,1,0
17,170039,0,2,98
17,170042,0,1,99
17,170063,0,1,99
17,170064,0,1,99
17,170064,0,2,99
17,170064,0,3,99
17,170064,0,4,99
17,170083,0,1,99
17,170093,0,1,0
17,170093,0,2,0
17,170093,0,3,0
17,170098,0,1,0
17,170098,0,2,99
17,170108,0,1,0
17,170113,0,1,0
17,170141,0,1,0
17,170142,0,1,0
17,170164,0,1,9
17,170168,0,1,99
17,170187,0,1,98
17,170195,0,1,0
17,170201,0,1,98
17,170205,0,1,9
17,170236,0,1,98
17,170237,0,1,99
17,170241,0,1,99
17,170245,0,1,96
17,170248,0,1,99
17,170248,0,2,99
17,170250,0,1,9
17,170256,0,1,9
17,170258,0,1,99
17,170261,0,1,98
17,170262,0,1,0
17,170273,0,1,0
17,170284,0,1,99
17,170292,0,1,99
17,170293,0,1,99
17,170293,0,2,99
17,170296,0,1,1
17,170302,0,1,0
17,170304,0,1,99
17,170305,0,1,9
17,170306,0,1,99
17,170313,0,1,99
17,170315,0,1,98
17,170322,0,1,0
17,170330,0,1,9
17,170331,0,1,0
17,170333,0,1,9
17,170337,0,1,9
17,170338,0,1,0
17,170342,0,1,98
17,170346,0,1,99
17,170353,0,1,99
17,170355,0,1,99
17,170356,0,1,98
17,170363,0,1,10
17,170364,0,1,0
17,170369,0,1,99
17,170370,0,1,98
17,170378,0,1,99
17,170389,0,1,98
17,170391,0,1,9
17,170393,0,1,99
17,170397,0,1,3
17,170405,0,1,0
17,170406,0,1,0
17,170406,0,2,0
17,170406,0,3,0
17,170406,0,4,0
17,170406,0,5,0
17,170424,0,1,99
17,170427,0,1,7
17,170438,0,1,99
17,170440,0,1,99
17,170446,0,1,99
17,170447,0,1,98
17,170450,0,1,0
17,170467,0,1,9
17,170469,0,1,98
17,170472,0,1,98
17,170473,0,1,99
17,170475,0,1,99
17,170482,0,1,9
17,170499,0,1,0
17,170501,0,1,99
17,170502,0,1,99
17,170503,0,1,99
17,170507,0,1,99
17,170513,0,1,6
17,170513,0,1,7
17,170521,0,1,98
17,170538,0,1,99
17,170554,0,1,98
17,170559,0,1,98
17,170562,0,1,0
17,170563,0,1,98
17,170586,0,1,99
17,170597,0,1,0
17,170610,0,1,0
17,170610,0,2,0
17,170619,0,1,9
17,170623,0,1,98
17,170623,0,2,98
17,170626,0,1,0
17,170631,0,1,0
17,170648,0,1,9
17,170657,0,1,99
17,170661,0,1,9
17,170665,0,1,9
17,170668,0,1,2
17,170670,0,1,99
17,170710,0,1,98
17,170717,0,1,0
17,170723,0,1,98
17,170728,0,1,0
17,170728,0,2,0
17,170728,0,3,0
17,170729,0,1,0
17,170730,0,1,0
17,170731,0,1,9
17,170744,0,1,99
17,170756,0,1,99
17,170757,0,1,96
17,170762,0,1,99
17,170766,0,1,98
17,170770,0,1,98
17,170770,0,2,98
17,170780,0,1,0
17,170781,0,1,98
17,170793,0,1,99
17,170804,0,1,99
17,170808,0,1,9
17,170809,0,1,98
17,170811,0,1,98
17,170812,0,1,9
17,170818,0,1,98
17,170829,0,1,0
17,170830,0,1,0
17,170830,0,2,0
17,170831,0,1,99
17,170837,0,1,99
17,170838,0,1,0
17,170843,0,1,0
17,170847,0,1,0
17,170849,0,1,0
17,170854,0,1,0
17,170859,0,1,9
17,170862,0,1,0
17,170865,0,1,99
17,170867,0,1,0
17,170870,0,1,99
17,170871,0,1,0
17,170871,0,2,0
17,170874,0,1,9
17,170888,0,1,99
17,170892,0,1,0
17,170896,0,1,0
17,170898,0,1,98
17,170907,0,1,0
17,170909,0,1,99
17,170913,0,1,0
17,170919,0,1,9
17,170924,0,1,99
17,170925,0,1,98
17,170930,0,1,99
18,180010,0,1,9
18,180027,0,1,0
18,180029,0,1,99
18,180041,0,1,99
18,180042,0,1,9
18,180048,0,1,99
18,180051,0,1,0
18,180051,0,2,0
18,180074,0,1,99
18,180078,0,1,0
18,180089,0,1,0
18,180090,0,1,10
18,180123,0,1,99
18,180126,0,1,0
18,180142,0,1,0
18,180150,0,1,0
18,180155,0,1,99
18,180175,0,1,99
18,180202,0,1,0
18,180206,0,1,99
18,180221,0,1,0
18,180226,0,1,98
18,180228,0,1,99
18,180244,0,1,0
18,180247,0,1,99
18,180250,0,1,99
18,180251,0,1,99
18,180255,0,1,0
18,180255,0,2,0
18,180263,0,1,0
18,180269,0,1,99
18,180269,0,2,0
18,180272,0,1,99
18,180274,0,1,99
18,180282,0,1,99
18,180283,0,1,0
18,180285,0,1,99
18,180288,0,1,0
18,180294,0,1,99
18,180294,0,2,99
18,180295,0,1,99
18,180318,0,1,99
18,180324,0,1,99
18,180324,0,2,98
18,180324,0,3,98
18,180324,0,4,98
18,180332,0,1,99
18,180343,0,1,0
18,180350,0,1,0
18,180350,0,2,0
18,180350,0,3,0
18,180350,0,4,0
18,180361,0,1,99
18,180377,0,1,99
18,180388,0,1,0
18,180400,0,1,99
18,180421,0,1,99
18,180427,0,1,99
18,180430,0,1,99
18,180441,0,1,0
18,180445,0,1,9
18,180460,0,1,0
18,180462,0,1,5
18,180481,0,1,99
18,180483,0,1,0
18,180484,0,1,0
18,180491,0,1,96
18,180494,0,1,0
18,180499,0,1,0
18,180507,0,1,96
18,180518,0,1,0
18,180519,0,1,99
18,180522,0,1,99
18,180526,0,1,9
18,180528,0,1,96
18,180544,0,1,0
18,180547,0,1,99
18,180550,0,1,0
18,180561,0,1,9
18,180567,0,1,99
18,180570,0,1,99
18,180590,0,1,99
18,180606,0,1,99
18,180607,0,1,0
18,180608,0,1,9
18,180626,0,1,99
18,180639,0,1,0
18,180640,0,1,99
18,180649,0,1,0
18,180649,0,2,0
18,180652,0,1,0
18,180657,0,1,0
18,180657,0,2,0
18,180673,0,1,99
18,180678,0,1,99
18,180678,0,2,99
18,180684,0,1,0
18,180697,0,1,96
18,180708,0,1,0
18,180715,0,1,0
18,180717,0,1,99
18,180721,0,1,0
18,180727,0,1,99
18,180731,0,1,0
19,190002,0,1,3
19,190008,0,1,0
19,190012,0,1,0
19,190014,0,1,3
19,190018,0,1,9
19,190020,0,1,0
19,190049,0,1,99
19,190069,0,1,0
19,190074,0,1,0
19,190092,0,1,0
19,190106,0,1,96
19,190122,0,1,0
19,190127,0,1,0
19,190175,0,1,9
19,190192,0,1,0
19,190208,0,1,0
19,190211,0,1,99
19,190219,0,1,9
19,190243,0,1,0
19,190256,0,1,0
19,190275,0,1,0
19,190292,0,1,0
19,190294,0,1,99
20,200005,0,1,99
20,200008,0,1,0
20,200024,0,1,0
20,200049,0,1,9
20,200060,0,1,0
20,200114,0,1,0
20,200116,0,1,0
20,200133,0,1,99
20,200147,0,1,9
20,200147,0,2,0
20,200147,0,3,0
20,200147,0,4,0
20,200151,0,1,0
20,200154,0,1,99
20,200164,0,1,6
20,200168,0,1,0
20,200204,0,1,0
20,200205,0,1,9
20,200206,0,1,99
20,200222,0,1,9
20,200238,0,1,0
20,200244,0,1,0
20,200264,0,1,1
20,200266,0,1,99
20,200269,0,1,0
20,200272,0,1,9
20,200275,0,1,8
20,200275,0,1,9
20,200283,0,1,99
20,200284,0,1,0
20,200291,0,1,0
20,200294,0,1,9
20,200301,0,1,0
20,200305,0,1,99
20,200322,0,1,0
20,200326,0,1,0
21,210006,0,1,0
21,210011,0,1,0
21,210011,0,2,0
21,210014,0,1,0
21,210016,0,1,0
21,210035,0,1,0
21,210037,0,1,0
21,210048,0,1,0
21,210061,0,1,0
21,210070,0,1,0
21,210089,0,1,9
21,210095,0,1,0
21,210114,0,1,0
21,210117,0,1,9
21,210124,0,1,0
21,210177,0,1,0
21,210181,0,1,9
21,210182,0,1,0
21,210192,0,1,98
21,210210,0,1,0
21,210258,0,1,0
21,210261,0,1,0
21,210264,0,1,0
21,210277,0,1,9
21,210281,0,1,0
21,210285,0,1,9
21,210290,0,1,0
21,210293,0,1,0
21,210296,0,1,9
21,210304,0,1,98
21,210313,0,1,0
21,210318,0,1,9
21,210328,0,1,0
21,210335,0,1,0
21,210392,0,1,0
21,210398,0,1,0
21,210398,0,2,0
21,210423,0,1,0
21,210428,0,1,98
21,210430,0,1,98
21,210438,0,1,0
21,210455,0,1,99
21,210463,0,1,0
21,210464,0,1,0
21,210469,0,1,98
21,210470,0,1,0
21,210475,0,1,0
21,210477,0,1,98
21,210480,0,1,9
21,210487,0,1,9
21,210492,0,1,9
21,210503,0,1,9
21,210503,0,2,9
21,210509,0,1,0
21,210515,0,1,0
21,210516,0,1,0
21,210536,0,1,9
21,210559,0,1,0
21,210571,0,1,0
21,210575,0,1,98
21,210576,0,1,0
21,210581,0,1,0
22,220002,0,1,9
22,220018,0,1,98
22,220021,0,1,99
22,220031,0,1,99
22,220034,0,1,9
22,220036,0,1,0
22,220041,0,1,99
22,220042,0,1,99
22,220046,0,1,99
22,220047,0,1,9
22,220051,0,1,99
22,220058,0,1,99
22,220068,0,1,99
22,220077,0,1,8
22,220077,0,1,9
22,220080,0,1,96
22,220097,0,1,9
22,220109,0,1,9
22,220111,0,1,0
22,220115,0,1,9
22,220117,0,1,8
22,220117,0,1,9
22,220122,0,1,9
22,220126,0,1,9
22,220139,0,1,99
22,220151,0,1,9
22,220167,0,1,99
22,220169,0,1,98
22,220181,0,1,9
22,220189,0,1,9
22,220208,0,1,99
22,220221,0,1,99
22,220223,0,1,99
22,220231,0,1,99
22,220244,0,1,9
22,220251,0,1,99
22,220254,0,1,99
22,220262,0,1,2
22,220275,0,1,8
22,220275,0,1,9
22,220283,0,1,2
22,220283,0,1,9
22,220297,0,1,9
22,220305,0,1,9
22,220307,0,1,0
22,220310,0,1,99
22,220315,0,1,99
22,220319,0,1,9
22,220322,0,1,99
22,220332,0,1,99
22,220344,0,1,99
22,220345,0,1,99
22,220348,0,1,99
22,220371,0,1,99
22,220374,0,1,99
22,220379,0,1,99
22,220385,0,1,99
22,220390,0,1,9
22,220394,0,1,0
22,220394,0,2,1
22,220400,0,1,0
22,220407,0,1,9
22,220416,0,1,9
22,220422,0,1,9
22,220424,0,1,8
22,220424,0,1,9
22,220430,0,1,9
22,220433,0,1,99
22,220443,0,1,9
22,220460,0,1,99
22,220465,0,1,9
22,220467,0,1,9
22,220483,0,1,9
22,220487,0,1,0
22,220491,0,1,9
22,220493,0,1,99
22,220497,0,1,9
22,220499,0,1,0
22,220501,0,1,99
22,220502,0,1,10
22,220503,0,1,99
22,220505,0,1,99
22,220506,0,1,99
22,220510,0,1,99
22,220511,0,1,99
22,220520,0,1,99
22,220521,0,1,99
22,220522,0,1,9
22,220526,0,1,99
22,220527,0,1,99
22,220527,0,2,0
22,220527,0,3,0
22,220527,0,4,0
22,220527,0,5,0
22,220532,0,1,99
22,220534,0,1,99
22,220561,0,1,3
22,220569,0,1,99
22,220577,0,1,99
22,220581,0,1,99
22,220584,0,1,99
22,220586,0,1,8
22,220598,0,1,99
22,220602,0,1,99
22,220603,0,1,99
22,220606,0,1,99
22,220607,0,1,9
22,220612,0,1,0
22,220624,0,1,9
22,220629,0,1,99
22,220630,0,1,8
22,220643,0,1,98
22,220643,0,2,98
22,220644,0,1,99
22,220646,0,1,99
22,220651,0,1,9
22,220651,0,1,96
22,220656,0,1,98
22,220657,0,1,98
22,220658,0,1,9
22,220659,0,1,99
23,230017,0,1,0
23,230030,0,1,0
23,230047,0,1,0
23,230067,0,1,0
23,230067,0,2,0
23,230067,0,3,0
23,230077,0,1,0
23,230077,0,2,0
23,230077,0,3,0
23,230077,0,4,0
23,230087,0,1,0
23,230094,0,1,0
23,230095,0,1,9
23,230102,0,1,99
23,230104,0,1,9
23,230120,0,1,0
23,230123,0,1,10
23,230130,0,1,9
23,230133,0,1,9
23,230134,0,1,98
24,240002,0,1,0
24,240003,0,1,0
24,240003,0,2,0
24,240004,0,1,0
24,240005,0,1,0
24,240008,0,1,0
24,240016,0,1,0
24,240018,0,1,99
24,240021,0,1,0
24,240027,0,1,99
24,240030,0,1,0
24,240032,0,1,99
24,240033,0,1,99
24,240037,0,1,0
24,240040,0,1,0
24,240045,0,1,0
24,240049,0,1,0
24,240050,0,1,99
24,240055,0,1,0
24,240056,0,1,99
24,240059,0,1,0
24,240060,0,1,99
24,240062,0,1,0
24,240062,0,2,0
24,240065,0,1,99
24,240067,0,1,99
24,240070,0,1,99
24,240076,0,1,0
24,240078,0,1,0
24,240081,0,1,99
24,240086,0,1,0
24,240096,0,1,99
24,240097,0,1,0
24,240098,0,1,0
24,240098,0,2,0
24,240102,0,1,99
24,240106,0,1,0
24,240106,0,2,0
24,240106,0,3,0
24,240110,0,1,99
24,240113,0,1,0
24,240114,0,1,9
24,240115,0,1,9
24,240116,0,1,9
24,240119,0,1,0
24,240121,0,1,0
24,240122,0,1,0
24,240123,0,1,0
24,240124,0,1,9
24,240127,0,1,0
24,240133,0,1,0
24,240142,0,1,9
24,240143,0,1,0
24,240144,0,1,9
24,240147,0,1,99
24,240162,0,1,99
24,240163,0,1,99
24,240165,0,1,0
24,240166,0,1,0
24,240166,0,2,0
24,240170,0,1,9
24,240174,0,1,0
24,240185,0,1,99
24,240206,0,1,0
24,240213,0,1,0
24,240216,0,1,9
24,240217,0,1,1
24,240219,0,1,9
24,240225,0,1,99
24,240231,0,1,0
24,240233,0,1,99
24,240236,0,1,99
24,240237,0,1,9
24,240242,0,1,0
24,240243,0,1,99
24,240253,0,1,0
24,240254,0,1,0
24,240255,0,1,9
24,240259,0,1,0
24,240261,0,1,0
24,240263,0,1,0
24,240266,0,1,99
24,240268,0,1,99
24,240282,0,1,0
24,240285,0,1,99
24,240287,0,1,0
24,240291,0,1,0
24,240301,0,1,0
24,240302,0,1,0
24,240305,0,1,0
24,240307,0,1,0
24,240308,0,1,9
24,240312,0,1,99
24,240314,0,1,99
24,240316,0,1,9
24,240331,0,1,0
24,240342,0,1,0
24,240342,0,2,99
24,240349,0,1,0
24,240352,0,1,0
24,240352,0,2,0
24,240354,0,1,0
24,240357,0,1,0
24,240360,0,1,99
24,240366,0,1,96
24,240369,0,1,0
24,240370,0,1,9
24,240371,0,1,0
24,240374,0,1,0
24,240382,0,1,9
24,240384,0,1,98
24,240385,0,1,0
24,240393,0,1,0
24,240394,0,1,0
24,240402,0,1,0
24,240406,0,1,99
24,240412,0,1,99
24,240413,0,1,99
24,240414,0,1,0
24,240417,0,1,99
24,240421,0,1,9
24,240423,0,1,0
24,240425,0,1,9
24,240430,0,1,0
24,240431,0,1,9
24,240432,0,1,98
25,250002,0,1,9
25,250004,0,1,9
25,250007,0,1,98
25,250022,0,1,98
25,250026,0,1,98
25,250030,0,1,99
25,250040,0,1,98
25,250047,0,1,0
25,250051,0,1,96
25,250054,0,1,0
25,250055,0,1,98
25,250064,0,1,0
25,250066,0,1,9
25,250073,0,1,98
25,250076,0,1,10
25,250077,0,1,10
25,250082,0,1,0
25,250084,0,1,0
25,250086,0,1,0
25,250087,0,1,98
25,250088,0,1,99
25,250089,0,1,0
25,250098,0,1,0
25,250102,0,1,98
25,250104,0,1,9
25,250106,0,1,0
25,250107,0,1,98
25,250112,0,1,98
25,250116,0,1,98
25,250116,0,2,98
25,250118,0,1,98
25,250123,0,1,98
25,250126,0,1,98
25,250133,0,1,98
25,250134,0,1,98
25,250135,0,1,98
25,250138,0,1,9
25,250139,0,1,98
25,250139,0,2,0
25,250141,0,1,0
25,250148,0,1,0
25,250149,0,1,98
25,250151,0,1,98
25,250158,0,1,0
25,250162,0,1,0
25,250177,0,1,98
25,250193,0,1,98
25,250208,0,1,98
25,250214,0,1,99
25,250223,0,1,8
25,250227,0,1,98
25,250233,0,1,0
25,250235,0,1,10
25,250241,0,1,99
25,250244,0,1,0
25,250246,0,1,99
25,250248,0,1,98
25,250257,0,1,9
25,250258,0,1,10
25,250260,0,1,98
25,250267,0,1,0
25,250267,0,2,0
25,250268,0,1,0
25,250271,0,1,99
25,250274,0,1,0
25,250284,0,1,0
25,250284,0,2,0
25,250289,0,1,0
25,250291,0,1,0
25,250292,0,1,99
25,250293,0,1,99
25,250295,0,1,10
25,250296,0,1,0
25,250301,0,1,0
25,250308,0,1,0
25,250311,0,1,98
25,250312,0,1,98
25,250312,0,2,98
25,250314,0,1,98
25,250315,0,1,99
25,250316,0,1,0
25,250318,0,1,99
25,250319,0,1,0
25,250320,0,1,0
25,250323,0,1,0
25,250324,0,1,99
25,250328,0,1,9
25,250330,0,1,96
25,250331,0,1,0
25,250338,0,1,8
25,250340,0,1,99
26,260004,0,1,98
26,260005,0,1,99
26,260007,0,1,98
26,260014,0,1,98
26,260017,0,1,99
26,260017,0,2,0
26,260026,0,1,99
26,260029,0,1,98
26,260034,0,1,99
26,260035,0,1,98
26,260054,0,1,99
26,260070,0,1,98
26,260081,0,1,0
26,260084,0,1,98
26,260088,0,1,98
26,260091,0,1,98
26,260097,0,1,98
26,260116,0,1,98
26,260121,0,1,9
26,260126,0,1,99
26,260131,0,1,98
26,260133,0,1,98
26,260153,0,1,98
26,260160,0,1,98
26,260170,0,1,98
26,260179,0,1,9
26,260183,0,1,99
26,260184,0,1,98
26,260187,0,1,98
26,260194,0,1,99
26,260195,0,1,99
26,260214,0,1,98
26,260225,0,1,99
26,260232,0,1,99
26,260233,0,1,98
26,260257,0,1,99
26,260288,0,1,98
26,260306,0,1,98
26,260307,0,1,99
26,260312,0,1,99
26,260317,0,1,98
26,260319,0,1,99
26,260320,0,1,98
26,260323,0,1,99
26,260326,0,1,0
26,260327,0,1,0
26,260328,0,1,99
26,260331,0,1,9
26,260332,0,1,99
26,260342,0,1,9
26,260345,0,1,0
26,260352,0,1,98
26,260362,0,1,98
26,260368,0,1,0
26,260370,0,1,98
26,260370,0,2,4
26,260375,0,1,98
26,260380,0,1,98
26,260395,0,1,98
26,260427,0,1,99
26,260428,0,1,0
26,260435,0,1,98
26,260448,0,1,98
26,260457,0,1,99
26,260459,0,1,99
26,260463,0,1,99
26,260468,0,1,0
26,260472,0,1,9
26,260473,0,1,98
26,260478,0,1,0
26,260484,0,1,0
26,260484,0,2,98
26,260490,0,1,99
26,260491,0,1,98
26,260497,0,1,99
26,260504,0,1,0
26,260513,0,1,98
26,260518,0,1,0
26,260520,0,1,98
26,260526,0,1,98
26,260527,0,1,99
26,260546,0,1,0
26,260550,0,1,98
26,260552,0,1,98
26,260561,0,1,98
26,260563,0,1,99
26,260567,0,1,98
26,260577,0,1,9
26,260578,0,1,99
26,260588,0,1,99
26,260590,0,1,98
26,260593,0,1,98
26,260597,0,1,99
26,260598,0,1,98
26,260614,0,1,9
26,260617,0,1,99
26,260622,0,1,99
26,260624,0,1,98
26,260630,0,1,98
26,260630,0,2,98
26,260632,0,1,9
26,260634,0,1,99
26,260635,0,1,99
26,260637,0,1,99
26,260640,0,1,9
26,260645,0,1,98
26,260646,0,1,99
26,260658,0,1,98
26,260665,0,1,98
26,260670,0,1,0
26,260670,0,2,0
26,260673,0,1,0
26,260673,0,2,98
26,260675,0,1,99
26,260678,0,1,98
26,260679,0,1,99
26,260680,0,1,99
26,260687,0,1,9
26,260688,0,1,98
26,260690,0,1,98
26,260692,0,1,99
26,260694,0,1,98
26,260696,0,1,98
26,260703,0,1,0
26,260704,0,1,98
26,260707,0,1,99
26,260712,0,1,98
26,260713,0,1,99
26,260716,0,1,98
26,260718,0,1,99
26,260719,0,1,0
26,260720,0,1,99
26,260723,0,1,98
26,260725,0,1,9
26,260728,0,1,99
26,260729,0,1,9
26,260731,0,1,98
26,260740,0,1,98
26,260744,0,1,0
26,260751,0,1,98
26,260759,0,1,0
26,260767,0,1,99
26,260767,0,2,99
26,260769,0,1,98
26,260775,0,1,98
26,260776,0,1,98
26,260778,0,1,99
26,260779,0,1,98
26,260783,0,1,99
26,260785,0,1,99
26,260786,0,1,99
26,260789,0,1,99
26,260790,0,1,99
26,260792,0,1,0
26,260794,0,1,98
26,260796,0,1,9
26,260797,0,1,98
26,260799,0,1,98
26,260799,0,2,9
26,260799,0,3,9
26,260805,0,1,98
26,260809,0,1,99
26,260810,0,1,0
26,260813,0,1,98
26,260814,0,1,98
26,260817,0,1,0
26,260821,0,1,98
26,260824,0,1,9
26,260826,0,1,9
26,260833,0,1,98
26,260834,0,1,98
26,260840,0,1,9
26,260841,0,1,98
26,260843,0,1,98
26,260844,0,1,98
26,260846,0,1,98
26,260855,0,1,99
26,260858,0,1,98
26,260860,0,1,98
26,260871,0,1,99
26,260872,0,1,98
26,260874,0,1,98
26,260879,0,1,99
26,260881,0,1,98
26,260881,0,2,98
26,260885,0,1,98
26,260887,0,1,98
26,260899,0,1,98
26,260904,0,1,99
27,270043,0,1,99
27,270054,0,1,99
27,270057,0,1,1
27,270059,0,1,99
27,270067,0,1,98
27,270087,0,1,0
27,270091,0,1,98
27,270091,0,2,98
27,270091,0,3,98
27,270099,0,1,0
27,270108,0,1,98
27,270128,0,1,0
27,270149,0,1,99
27,270157,0,1,98
27,270204,0,1,0
27,270207,0,1,9
27,270211,0,1,99
27,270215,0,1,98
27,270220,0,1,99
27,270221,0,1,5
27,270230,0,1,98
27,270235,0,1,0
27,270240,0,1,0
27,270257,0,1,98
27,270260,0,1,98
27,270267,0,1,99
27,270276,0,1,9
27,270277,0,1,0
27,270283,0,1,0
27,270288,0,1,98
27,270294,0,1,99
27,270296,0,1,99
27,270298,0,1,99
27,270299,0,1,99
27,270303,0,1,0
27,270312,0,1,99
27,270315,0,1,9
27,270320,0,1,98
27,270324,0,1,99
27,270324,0,2,9
27,270331,0,1,99
27,270345,0,1,98
27,270348,0,1,99
27,270363,0,1,99
27,270364,0,1,99
28,280014,0,1,99
28,280016,0,1,0
28,280030,0,1,0
28,280041,0,1,0
28,280045,0,1,0
28,280047,0,1,99
28,280060,0,1,99
28,280064,0,1,99
28,280076,0,1,99
28,280081,0,1,0
28,280088,0,1,0
28,280097,0,1,0
28,280098,0,1,0
28,280104,0,1,99
28,280119,0,1,99
28,280122,0,1,99
28,280132,0,1,0
28,280164,0,1,98
28,280171,0,1,0
28,280190,0,1,99
28,280230,0,1,99
28,280242,0,1,0
28,280244,0,1,0
28,280259,0,1,0
28,280285,0,1,0
28,280289,0,1,99
28,280307,0,1,0
28,280308,0,1,99
28,280313,0,1,0
28,280323,0,1,99
28,280331,0,1,99
28,280336,0,1,0
28,280355,0,1,99
28,280363,0,1,99
28,280378,0,1,9
28,280378,0,2,0
28,280406,0,1,0
28,280407,0,1,99
28,280425,0,1,99
28,280435,0,1,0
28,280443,0,1,99
28,280444,0,1,99
28,280445,0,1,0
28,280466,0,1,99
28,280477,0,1,99
28,280478,0,1,0
28,280495,0,1,99
28,280503,0,1,99
28,280519,0,1,99
28,280535,0,1,99
28,280538,0,1,0
28,280540,0,1,0
28,280541,0,1,99
28,280543,0,1,99
28,280549,0,1,99
28,280556,0,1,0
28,280557,0,1,99
28,280558,0,1,99
28,280558,0,2,99
29,290003,0,1,9
29,290004,0,1,0
29,290007,0,1,0
29,290009,0,1,0
29,290024,0,1,9
29,290037,0,1,0
29,290052,0,1,0
29,290059,0,1,9
29,290063,0,1,6
29,290063,0,1,7
29,290065,0,1,9
29,290077,0,1,0
29,290078,0,1,9
29,290092,0,1,0
29,290100,0,1,9
29,290102,0,1,0
29,290111,0,1,0
29,290115,0,1,0
29,290121,0,1,0
29,290135,0,1,0
29,290135,0,2,0
29,290153,0,1,9
29,290158,0,1,0
29,290178,0,1,0
29,290181,0,1,9
29,290182,0,1,0
29,290197,0,1,0
29,290198,0,1,0
29,290204,0,1,0
29,290213,0,1,0
29,290229,0,1,9
29,290244,0,1,0
29,290283,0,1,0
29,290307,0,1,0
29,290307,0,2,0
29,290326,0,1,0
29,290329,0,1,0
29,290340,0,1,0
29,290357,0,1,0
29,290358,0,1,0
29,290369,0,1,0
29,290390,0,1,0
29,290399,0,1,9
29,290421,0,1,0
29,290426,0,1,9
29,290452,0,1,0
29,290456,0,1,9
29,290459,0,1,0
29,290460,0,1,0
29,290464,0,1,0
29,290478,0,1,0
29,290503,0,1,0
29,290517,0,1,0
29,290518,0,1,0
29,290521,0,1,9
29,290535,0,1,0
29,290540,0,1,9
29,290541,0,1,0
29,290542,0,1,0
29,290549,0,1,9
29,290552,0,1,5
29,290564,0,1,0
29,290568,0,1,0
29,290576,0,1,0
29,290604,0,1,0
29,290631,0,1,0
29,290645,0,1,0
29,290647,0,1,9
29,290650,0,1,0
29,290651,0,1,0
29,290658,0,1,0
29,290665,0,1,8
29,290665,0,2,0
29,290668,0,1,0
29,290673,0,1,9
29,290680,0,1,9
29,290685,0,1,0
29,290687,0,1,0
29,290692,0,1,0
29,290694,0,1,0
29,290701,0,1,9
29,290703,0,1,99
29,290704,0,1,99
30,300002,0,1,0
30,300013,0,1,99
30,300015,0,1,9
30,300018,0,1,0
30,300019,0,1,9
30,300025,0,1,9
30,300036,0,1,0
30,300043,0,1,0
30,300043,0,2,0
30,300066,0,1,99
30,300066,0,2,99
30,300124,0,1,8
30,300124,0,1,9
30,300124,0,2,8
30,300124,0,2,9
30,300124,0,3,8
30,300124,0,3,9
30,300131,0,1,0
30,300143,0,1,99
30,300145,0,1,0
30,300148,0,1,9
30,300149,0,1,99
30,300167,0,1,8
30,300173,0,1,99
30,300174,0,1,8
30,300174,0,1,9
30,300177,0,1,9
30,300180,0,1,99
30,300188,0,1,9
30,300198,0,1,99
30,300199,0,1,0
30,300199,0,2,0
30,300199,0,3,0
30,300200,0,1,0
31,310015,0,1,99
31,310027,0,1,99
31,310031,0,1,0
31,310036,0,1,9
31,310063,0,1,8
31,310063,0,1,9
31,310063,0,2,8
31,310070,0,1,9
31,310097,0,1,0
31,310126,0,1,99
31,310133,0,1,0
31,310146,0,1,98
31,310157,0,1,98
31,310160,0,1,0
31,310174,0,1,0
31,310183,0,1,99
32,320001,0,1,99
32,320001,0,2,99
32,320002,0,1,9
32,320007,0,1,0
32,320021,0,1,99
32,320023,0,1,9
32,320025,0,1,0
32,320025,0,2,3
32,320026,0,1,0
32,320029,0,1,0
32,320035,0,1,9
32,320044,0,1,0
32,320047,0,1,4
32,320049,0,1,99
32,320055,0,1,9
32,320057,0,1,0
32,320059,0,1,0
32,320062,0,1,9
32,320063,0,1,0
32,320067,0,1,0
32,320068,0,1,9
32,320069,0,1,0
32,320085,0,1,99
32,320089,0,1,0
32,320091,0,1,9
32,320096,0,1,8
32,320097,0,1,99
32,320099,0,1,9
32,320102,0,1,0
32,320104,0,1,9
32,320106,0,1,99
32,320109,0,1,99
32,320111,0,1,99
32,320115,0,1,96
32,320116,0,1,99
32,320118,0,1,0
32,320123,0,1,99
32,320129,0,1,9
32,320139,0,1,99
32,320141,0,1,0
32,320144,0,1,0
32,320145,0,1,99
32,320146,0,1,9
32,320147,0,1,99
32,320148,0,1,0
32,320150,0,1,9
32,320152,0,1,9
32,320158,0,1,8
32,320158,0,1,9
32,320169,0,1,4
32,320175,0,1,9
32,320184,0,1,0
32,320186,0,1,9
32,320187,0,1,9
32,320188,0,1,9
32,320190,0,1,9
32,320191,0,1,99
32,320198,0,1,99
32,320203,0,1,0
32,320203,0,2,0
32,320203,0,3,0
32,320203,0,4,0
32,320206,0,1,0
32,320210,0,1,9
32,320211,0,1,0
32,320212,0,1,0
32,320214,0,1,99
32,320214,0,2,0
32,320214,0,3,0
32,320215,0,1,8
32,320215,0,1,9
32,320215,0,2,8
32,320218,0,1,9
32,320220,0,1,9
32,320221,0,1,0
32,320222,0,1,9
32,320224,0,1,99
32,320226,0,1,0
32,320229,0,1,0
32,320234,0,1,0
32,320236,0,1,9
32,320238,0,1,0
32,320240,0,1,9
32,320241,0,1,99
32,320242,0,1,98
33,330024,0,1,0
33,330024,0,2,0
33,330031,0,1,0
33,330034,0,1,0
33,330034,0,2,0
33,330036,0,1,9
33,330047,0,1,0
33,330047,0,2,0
33,330068,0,1,0
33,330077,0,1,0
33,330079,0,1,0
33,330079,0,2,0
33,330090,0,1,0
33,330092,0,1,9
33,330093,0,1,0
33,330098,0,1,9
33,330107,0,1,0
33,330114,0,1,9
33,330115,0,1,0
33,330121,0,1,0
34,340001,0,1,9
34,340006,0,1,99
34,340010,0,1,0
34,340016,0,1,0
34,340017,0,1,0
34,340018,0,1,99
34,340020,0,1,0
34,340021,0,1,9
34,340025,0,1,0
34,340027,0,1,99
34,340028,0,1,0
34,340029,0,1,0
34,340031,0,1,9
34,340032,0,1,0
34,340035,0,1,99
34,340038,0,1,99
34,340043,0,1,98
34,340044,0,1,0
34,340047,0,1,99
34,340050,0,1,99
34,340054,0,1,9
34,340055,0,1,0
34,340056,0,1,99
34,340057,0,1,99
34,340058,0,1,99
34,340061,0,1,99
34,340063,0,1,0
34,340064,0,1,0
34,340065,0,1,99
34,340066,0,1,0
34,340069,0,1,0
34,340077,0,1,98
34,340081,0,1,0
34,340083,0,1,0
34,340087,0,1,9
34,340090,0,1,98
34,340091,0,1,0
34,340094,0,1,99
34,340095,0,1,99
34,340098,0,1,98
34,340100,0,1,0
34,340105,0,1,0
34,340107,0,1,99
34,340109,0,1,99
34,340112,0,1,99
34,340113,0,1,0
34,340115,0,1,0
34,340116,0,1,99
34,340117,0,1,8
34,340117,0,1,96
34,340118,0,1,9
34,340120,0,1,98
34,340121,0,1,0
34,340122,0,1,0
34,340132,0,1,99
34,340134,0,1,99
34,340135,0,1,99
34,340137,0,1,9
34,340139,0,1,0
34,340147,0,1,9
34,340159,0,1,0
34,340163,0,1,0
34,340168,0,1,99
34,340174,0,1,0
34,340179,0,1,99
34,340190,0,1,0
34,340196,0,1,98
34,340206,0,1,0
34,340208,0,1,99
34,340212,0,1,0
34,340214,0,1,9
34,340217,0,1,0
34,340220,0,1,9
34,340222,0,1,0
34,340226,0,1,0
34,340230,0,1,0
34,340235,0,1,99
34,340248,0,1,99
34,340261,0,1,0
34,340266,0,1,0
34,340274,0,1,0
34,340277,0,1,0
34,340277,0,2,0
34,340278,0,1,0
34,340288,0,1,0
34,340291,0,1,0
34,340294,0,1,99
34,340295,0,1,0
34,340305,0,1,99
34,340309,0,1,0
34,340317,0,1,0
34,340318,0,1,0
34,340323,0,1,0
34,340325,0,1,0
34,340329,0,1,99
34,340342,0,1,99
34,340345,0,1,99
34,340356,0,1,9
34,340365,0,1,9
34,340366,0,1,9
34,340368,0,1,9
34,340369,0,1,99
34,340373,0,1,99
34,340375,0,1,1
34,340377,0,1,0
34,340377,0,2,0
34,340380,0,1,98
34,340383,0,1,5
34,340383,0,1,8
34,340386,0,1,99
34,340389,0,1,99
34,340391,0,1,99
34,340392,0,1,0
34,340397,0,1,0
34,340401,0,1,99
34,340403,0,1,99
34,340404,0,1,0
34,340411,0,1,9
34,340413,0,1,99
34,340421,0,1,0
34,340424,0,1,0
34,340427,0,1,9
34,340431,0,1,9
34,340433,0,1,99
34,340440,0,1,0
34,340444,0,1,0
34,340447,0,1,0
34,340451,0,1,99
34,340453,0,1,9
34,340459,0,1,9
34,340465,0,1,0
34,340467,0,1,0
34,340471,0,1,0
34,340477,0,1,0
34,340479,0,1,0
34,340480,0,1,9
34,340484,0,1,0
34,340485,0,1,9
34,340485,0,1,96
34,340488,0,1,0
34,340490,0,1,0
34,340491,0,1,0
34,340492,0,1,0
34,340493,0,1,0
34,340494,0,1,0
34,340499,0,1,9
34,340500,0,1,0
34,340500,0,2,0
34,340510,0,1,99
34,340513,0,1,9
34,340514,0,1,0
34,340519,0,1,99
34,340520,0,1,99
34,340521,0,1,0
35,350002,0,1,8
35,350004,0,1,9
35,350005,0,1,9
35,350005,0,2,0
35,350006,0,1,99
35,350007,0,1,9
35,350010,0,1,0
35,350013,0,1,9
35,350015,0,1,99
35,350020,0,1,98
35,350021,0,1,0
35,350035,0,1,99
35,350037,0,1,96
35,350039,0,1,99
35,350042,0,1,99
35,350063,0,1,98
35,350067,0,1,98
35,350070,0,1,98
35,350071,0,1,9
35,350072,0,1,0
35,350087,0,1,99
35,350097,0,1,9
35,350100,0,1,99
35,350108,0,1,9
35,350112,0,1,0
35,350115,0,1,9
35,350118,0,1,98
35,350130,0,1,99
35,350136,0,1,0
35,350137,0,1,0
35,350143,0,1,99
35,350152,0,1,0
35,350160,0,1,99
35,350162,0,1,0
35,350165,0,1,10
35,350165,0,1,96
35,350177,0,1,99
35,350178,0,1,99
35,350181,0,1,2
35,350181,0,2,2
35,350181,0,3,2
35,350184,0,1,98
35,350185,0,1,0
35,350197,0,1,9
35,350198,0,1,99
35,350202,0,1,98
35,350219,0,1,0
35,350220,0,1,99
35,350224,0,1,99
35,350246,0,1,0
35,350249,0,1,99
35,350254,0,1,98
35,350256,0,1,0
35,350258,0,1,99
35,350259,0,1,99
35,350261,0,1,0
35,350263,0,1,9
35,350264,0,1,99
35,350267,0,1,99
35,350270,0,1,99
36,360001,0,1,0
36,360004,0,1,9
36,360007,0,1,0
36,360008,0,1,0
36,360009,0,1,0
36,360011,0,1,0
36,360012,0,1,0
36,360013,0,1,0
36,360016,0,1,0
36,360026,0,1,0
36,360027,0,1,0
36,360031,0,1,0
36,360034,0,1,0
36,360035,0,1,0
36,360039,0,1,0
36,360040,0,1,0
36,360043,0,1,0
36,360045,0,1,0
36,360057,0,1,0
36,360058,0,1,0
36,360065,0,1,0
36,360070,0,1,0
36,360071,0,1,0
36,360072,0,1,0
36,360073,0,1,0
36,360075,0,1,0
36,360077,0,1,0
36,360079,0,1,0
36,360082,0,1,0
36,360090,0,1,0
36,360092,0,1,0
36,360096,0,1,0
36,360097,0,1,0
36,360099,0,1,0
36,360106,0,1,0
36,360107,0,1,0
36,360111,0,1,0
36,360112,0,1,0
36,360116,0,1,0
36,360117,0,1,0
36,360121,0,1,0
36,360122,0,1,0
36,360126,0,1,0
36,360128,0,1,0
36,360130,0,1,0
36,360130,0,2,0
36,360132,0,1,0
36,360133,0,1,0
36,360137,0,1,9
36,360138,0,1,0
36,360142,0,1,0
36,360143,0,1,0
36,360145,0,1,0
36,360147,0,1,0
36,360148,0,1,0
36,360150,0,1,0
36,360157,0,1,0
36,360159,0,1,0
36,360160,0,1,0
36,360163,0,1,0
36,360164,0,1,0
36,360169,0,1,0
36,360173,0,1,0
36,360178,0,1,0
36,360179,0,1,0
36,360180,0,1,9
36,360182,0,1,0
36,360182,0,2,0
36,360185,0,1,0
36,360189,0,1,0
36,360195,0,1,0
36,360197,0,1,0
36,360204,0,1,0
36,360209,0,1,0
36,360213,0,1,0
36,360214,0,1,0
36,360221,0,1,0
36,360226,0,1,0
36,360229,0,1,0
36,360231,0,1,0
36,360236,0,1,9
36,360246,0,1,0
36,360247,0,1,0
36,360249,0,1,0
36,360249,0,2,0
36,360249,0,3,0
36,360253,0,1,0
36,360258,0,1,0
36,360258,0,2,0
36,360258,0,3,0
36,360258,0,4,0
36,360258,0,5,0
36,360258,0,6,0
36,360258,0,7,0
36,360258,0,8,0
36,360258,0,9,0
36,360260,0,1,0
36,360261,0,1,0
36,360261,0,2,0
36,360262,0,1,0
36,360267,0,1,0
36,360271,0,1,0
36,360274,0,1,0
36,360281,0,1,0
36,360289,0,1,0
36,360290,0,1,0
36,360291,0,1,0
36,360295,0,1,0
36,360298,0,1,0
36,360298,0,2,0
36,360298,0,3,0
36,360298,0,4,0
36,360298,0,5,0
36,360300,0,1,0
36,360302,0,1,0
36,360307,0,1,0
36,360308,0,1,98
36,360309,0,1,0
36,360311,0,1,0
36,360312,0,1,9
36,360313,0,1,0
36,360315,0,1,0
36,360316,0,1,0
36,360317,0,1,0
36,360318,0,1,0
36,360321,0,1,0
36,360322,0,1,0
36,360322,0,2,0
36,360325,0,1,0
36,360332,0,1,0
36,360332,0,2,0
36,360335,0,1,0
36,360336,0,1,0
36,360340,0,1,0
36,360345,0,1,0
36,360346,0,1,0
36,360347,0,1,0
36,360349,0,1,0
36,360351,0,1,0
36,360352,0,1,0
36,360356,0,1,0
36,360358,0,1,0
36,360358,0,2,0
36,360358,0,3,0
36,360365,0,1,0
36,360368,0,1,0
36,360368,0,2,0
36,360372,0,1,0
36,360374,0,1,0
36,360375,0,1,0
36,360375,0,2,0
36,360375,0,3,0
36,360375,0,4,0
36,360377,0,1,0
36,360379,0,1,0
36,360380,0,1,0
36,360381,0,1,0
36,360387,0,1,0
36,360388,0,1,0
36,360388,0,2,0
36,360390,0,1,0
36,360393,0,1,0
36,360394,0,1,1
36,360396,0,1,9
36,360402,0,1,0
36,360408,0,1,0
36,360409,0,1,0
36,360411,0,1,0
36,360411,0,2,0
36,360412,0,1,0
36,360415,0,1,0
36,360416,0,1,0
36,360417,0,1,0
36,360450,0,1,0
36,360451,0,1,0
36,360452,0,1,0
36,360453,0,1,0
36,360458,0,1,0
36,360459,0,1,0
36,360467,0,1,0
36,360470,0,1,0
36,360475,0,1,0
36,360476,0,1,0
36,360483,0,1,0
36,360486,0,1,0
36,360488,0,1,0
36,360497,0,1,0
36,360500,0,1,0
36,360501,0,1,0
36,360503,0,1,0
36,360504,0,1,0
36,360513,0,1,0
36,360514,0,1,0
36,360515,0,1,0
36,360517,0,1,0
36,360518,0,1,0
36,360519,0,1,0
36,360524,0,1,0
36,360525,0,1,0
36,360525,0,2,0
36,360525,0,3,0
36,360526,0,1,0
36,360529,0,1,0
36,360533,0,1,0
36,360537,0,1,0
36,360557,0,1,0
36,360558,0,1,0
36,360564,0,1,0
36,360570,0,1,0
36,360574,0,1,0
36,360578,0,1,0
36,360582,0,1,0
36,360585,0,1,0
36,360592,0,1,0
36,360596,0,1,0
36,360598,0,1,0
36,360601,0,1,0
36,360607,0,1,0
36,360609,0,1,9
36,360614,0,1,0
36,360618,0,1,0
36,360623,0,1,0
36,360625,0,1,0
36,360628,0,1,0
36,360632,0,1,0
36,360632,0,2,0
36,360636,0,1,0
36,360637,0,1,0
36,360639,0,1,0
36,360641,0,1,0
36,360642,0,1,0
36,360643,0,1,0
36,360648,0,1,0
36,360650,0,1,0
36,360656,0,1,0
36,360663,0,1,0
36,360665,0,1,0
36,360667,0,1,0
36,360668,0,1,0
36,360672,0,1,0
36,360687,0,1,0
36,360699,0,1,0
36,360703,0,1,0
36,360707,0,1,0
36,360708,0,1,0
36,360712,0,1,0
36,360712,0,2,0
36,360712,0,3,0
36,360717,0,1,0
36,360720,0,1,0
36,360725,0,1,9
36,360730,0,1,0
36,360731,0,1,0
36,360734,0,1,0
36,360735,0,1,0
36,360737,0,1,0
36,360743,0,1,0
36,360744,0,1,0
36,360745,0,1,0
36,360747,0,1,0
36,360752,0,1,0
36,360762,0,1,0
36,360763,0,1,0
36,360765,0,1,0
36,360771,0,1,0
36,360778,0,1,0
36,360779,0,1,0
36,360781,0,1,0
36,360782,0,1,0
36,360785,0,1,0
36,360787,0,1,0
36,360792,0,1,0
36,360797,0,1,0
36,360804,0,1,0
36,360807,0,1,0
36,360811,0,1,0
36,360812,0,1,0
36,360816,0,1,0
36,360817,0,1,0
36,360819,0,1,0
36,360821,0,1,0
36,360823,0,1,0
36,360824,0,1,0
36,360825,0,1,0
36,360831,0,1,0
36,360837,0,1,0
36,360840,0,1,0
36,360841,0,1,0
36,360841,0,2,0
36,360841,0,3,0
36,360848,0,1,0
36,360852,0,1,0
36,360857,0,1,0
36,360861,0,1,0
36,360862,0,1,0
36,360864,0,1,0
36,360865,0,1,0
36,360867,0,1,9
36,360869,0,1,0
36,360874,0,1,0
36,360877,0,1,0
36,360878,0,1,0
36,360878,0,2,0
36,360879,0,1,0
36,360880,0,1,0
36,360881,0,1,0
36,360886,0,1,0
36,360887,0,1,0
36,360887,0,2,0
36,360888,0,1,0
36,360891,0,1,0
36,360894,0,1,0
36,360895,0,1,0
36,360897,0,1,0
36,360901,0,1,0
36,360902,0,1,0
36,360903,0,1,0
36,360905,0,1,0
36,360906,0,1,0
36,360908,0,1,9
36,360911,0,1,0
36,360912,0,1,0
36,360912,0,2,0
36,360914,0,1,9
36,360915,0,1,0
36,360916,0,1,0
36,360921,0,1,0
36,360922,0,1,0
36,360924,0,1,0
36,360927,0,1,0
36,360928,0,1,0
36,360932,0,1,0
36,360934,0,1,0
36,360935,0,1,0
36,360935,0,2,0
36,360937,0,1,0
36,360937,0,2,0
36,360943,0,1,0
36,360944,0,1,0
36,360945,0,1,0
36,360946,0,1,0
36,360949,0,1,0
36,360950,0,1,0
36,360954,0,1,0
36,360955,0,1,0
36,360956,0,1,0
36,360959,0,1,0
36,360960,0,1,0
36,360961,0,1,0
36,360962,0,1,0
36,360963,0,1,0
36,360965,0,1,0
36,360967,0,1,0
36,360969,0,1,0
36,360978,0,1,0
36,360983,0,1,0
36,360984,0,1,0
36,360985,0,1,0
36,360985,0,2,0
36,360989,0,1,0
36,360991,0,1,0
36,360994,0,1,0
36,360996,0,1,0
36,360997,0,1,0
36,360999,0,1,0
36,361000,0,1,0
36,361003,0,1,0
36,361005,0,1,0
36,361011,0,1,9
36,361013,0,1,0
36,361013,0,2,0
36,361014,0,1,8
36,361015,0,1,0
36,361016,0,1,0
36,361018,0,1,0
36,361020,0,1,0
36,361021,0,1,0
36,361024,0,1,0
36,361026,0,1,9
36,361027,0,1,0
36,361030,0,1,9
36,361032,0,1,0
36,361033,0,1,0
36,361034,0,1,0
36,361035,0,1,0
36,361038,0,1,0
36,361041,0,1,0
36,361042,0,1,0
36,361044,0,1,0
36,361045,0,1,0
36,361046,0,1,0
36,361049,0,1,0
36,361053,0,1,0
36,361057,0,1,0
36,361059,0,1,0
36,361065,0,1,0
36,361068,0,1,0
36,361069,0,1,9
36,361071,0,1,0
36,361073,0,1,0
36,361076,0,1,0
36,361076,0,2,0
36,361076,0,3,0
36,361076,0,4,0
36,361077,0,1,0
36,361083,0,1,9
36,361084,0,1,0
36,361084,0,2,0
36,361085,0,1,0
36,361087,0,1,9
36,361087,0,2,0
36,361088,0,1,0
36,361092,0,1,0
36,361094,0,1,0
36,361100,0,1,0
36,361101,0,1,0
36,361101,0,2,0
36,361102,0,1,0
36,361103,0,1,0
36,361104,0,1,0
36,361104,0,2,0
36,361104,0,3,0
36,361105,0,1,0
36,361106,0,1,0
36,361106,0,2,0
36,361111,0,1,0
36,361115,0,1,0
36,361115,0,2,0
36,361117,0,1,0
36,361122,0,1,0
36,361123,0,1,0
36,361124,0,1,0
36,361124,0,2,0
36,361124,0,3,0
36,361125,0,1,0
36,361127,0,1,0
37,370006,0,1,9
37,370012,0,1,99
37,370026,0,1,99
37,370031,0,1,99
37,370034,0,1,0
37,370036,0,1,0
37,370037,0,1,9
37,370053,0,1,99
37,370056,0,1,99
37,370062,0,1,99
37,370071,0,1,96
37,370073,0,1,99
37,370075,0,1,99
37,370080,0,1,0
37,370080,0,2,0
37,370083,0,1,0
37,370105,0,1,9
37,370107,0,1,99
37,370110,0,1,99
37,370115,0,1,9
37,370120,0,1,99
37,370126,0,1,9
37,370132,0,1,9
37,370136,0,1,99
37,370137,0,1,99
37,370141,0,1,99
37,370143,0,1,99
37,370152,0,1,0
37,370162,0,1,99
37,370173,0,1,99
37,370179,0,1,9
37,370183,0,1,99
37,370193,0,1,99
37,370197,0,1,0
37,370202,0,1,99
37,370203,0,1,0
37,370212,0,1,0
37,370215,0,1,99
37,370216,0,1,9
37,370229,0,1,0
37,370230,0,1,99
37,370239,0,1,0
37,370267,0,1,0
37,370269,0,1,99
37,370276,0,1,99
37,370280,0,1,9
37,370283,0,1,0
37,370287,0,1,99
37,370295,0,1,0
37,370296,0,1,99
37,370298,0,1,99
37,370303,0,1,9
37,370315,0,1,99
37,370316,0,1,99
37,370317,0,1,0
37,370321,0,1,0
37,370334,0,1,9
37,370336,0,1,99
37,370337,0,1,0
37,370339,0,1,0
37,370347,0,1,0
37,370385,0,1,0
37,370391,0,1,99
37,370393,0,1,0
37,370410,0,1,99
37,370415,0,1,0
37,370425,0,1,9
37,370434,0,1,0
37,370441,0,1,99
37,370444,0,1,0
37,370449,0,1,0
37,370450,0,1,0
37,370462,0,1,0
37,370463,0,1,9
37,370465,0,1,0
37,370479,0,1,0
37,370491,0,1,0
37,370498,0,1,9
37,370500,0,1,0
37,370504,0,1,99
37,370510,0,1,0
37,370512,0,1,9
37,370514,0,1,0
37,370524,0,1,0
37,370531,0,1,9
37,370538,0,1,0
37,370553,0,1,99
37,370558,0,1,99
37,370566,0,1,0
37,370571,0,1,9
37,370572,0,1,99
37,370574,0,1,99
37,370598,0,1,0
37,370598,0,2,0
37,370600,0,1,9
37,370610,0,1,99
37,370619,0,1,0
37,370629,0,1,0
37,370629,0,2,0
37,370631,0,1,99
37,370641,0,1,0
37,370652,0,1,99
37,370655,0,1,99
37,370660,0,1,99
37,370662,0,1,9
37,370663,0,1,9
37,370669,0,1,9
37,370672,0,1,99
37,370672,0,2,0
37,370699,0,1,0
37,370704,0,1,0
37,370708,0,1,0
37,370709,0,1,99
37,370712,0,1,0
37,370717,0,1,99
37,370718,0,1,9
37,370719,0,1,0
37,370719,0,2,0
37,370729,0,1,99
37,370734,0,1,99
37,370740,0,1,0
37,370746,0,1,0
37,370749,0,1,10
37,370761,0,1,9
37,370764,0,1,0
37,370771,0,1,99
37,370776,0,1,0
37,370777,0,1,9
37,370787,0,1,99
37,370794,0,1,0
37,370801,0,1,0
37,370802,0,1,9
37,370804,0,1,0
37,370805,0,1,0
37,370809,0,1,9
37,370812,0,1,99
37,370817,0,1,99
37,370824,0,1,99
37,370824,0,2,99
37,370841,0,1,0
37,370842,0,1,99
37,370850,0,1,9
37,370854,0,1,0
37,370874,0,1,0
37,370874,0,2,0
37,370877,0,1,0
37,370881,0,1,9
37,370884,0,1,99
37,370888,0,1,0
37,370893,0,1,99
37,370894,0,1,0
37,370898,0,1,98
37,370899,0,1,99
37,370904,0,1,9
37,370906,0,1,9
37,370908,0,1,9
37,370908,0,2,9
37,370912,0,1,9
37,370922,0,1,0
37,370935,0,1,0
37,370935,0,2,0
37,370942,0,1,99
37,370944,0,1,0
37,370951,0,1,99
37,370955,0,1,0
37,370955,0,2,0
37,370956,0,1,0
37,370967,0,1,0
37,370976,0,1,99
37,370978,0,1,98
37,370988,0,1,0
37,370988,0,2,0
37,370988,0,3,9
37,370992,0,1,0
37,370993,0,1,0
37,371005,0,1,0
37,371011,0,1,0
37,371012,0,1,99
37,371012,0,2,99
37,371012,0,3,99
37,371012,0,4,9
37,371012,0,5,99
37,371012,0,6,99
37,371012,0,7,99
37,371022,0,1,9
37,371029,0,1,0
37,371029,0,2,0
37,371029,0,3,0
37,371034,0,1,0
37,371038,0,1,0
37,371047,0,1,1
37,371049,0,1,99
37,371067,0,1,0
37,371076,0,1,0
37,371088,0,1,0
37,371095,0,1,0
37,371102,0,1,0
37,371106,0,1,0
37,371113,0,1,99
37,371127,0,1,99
37,371128,0,1,99
37,371136,0,1,99
37,371137,0,1,0
37,371151,0,1,99
37,371155,0,1,9
37,371159,0,1,99
37,371164,0,1,99
37,371169,0,1,99
37,371170,0,1,99
37,371171,0,1,0
37,371171,0,2,0
37,371174,0,1,99
37,371176,0,1,99
37,371179,0,1,0
37,371183,0,1,99
37,371186,0,1,0
37,371199,0,1,9
38,380008,0,1,0
38,380051,0,1,0
38,380072,0,1,0
39,390008,0,1,96
39,390030,0,1,9
39,390036,0,1,0
39,390043,0,1,9
39,390046,0,1,0
39,390057,0,1,9
39,390071,0,1,0
39,390073,0,1,0
39,390102,0,1,0
39,390107,0,1,96
39,390107,0,2,0
39,390120,0,1,0
39,390133,0,1,0
39,390135,0,1,0
39,390150,0,1,0
39,390155,0,1,0
39,390161,0,1,9
39,390177,0,1,96
39,390194,0,1,98
39,390208,0,1,9
39,390220,0,1,0
39,390223,0,1,0
39,390227,0,1,9
39,390233,0,1,0
39,390240,0,1,0
39,390255,0,1,0
39,390265,0,1,98
39,390284,0,1,0
39,390287,0,1,96
39,390293,0,1,96
39,390301,0,1,0
39,390317,0,1,98
39,390326,0,1,0
39,390328,0,1,9
39,390336,0,1,0
39,390336,0,2,0
39,390338,0,1,0
39,390338,0,2,0
39,390340,0,1,0
39,390345,0,1,0
39,390346,0,1,96
39,390356,0,1,0
39,390362,0,1,0
39,390379,0,1,0
39,390380,0,1,0
39,390383,0,1,9
39,390386,0,1,0
39,390401,0,1,96
39,390417,0,1,0
39,390424,0,1,0
39,390427,0,1,9
39,390437,0,1,0
39,390458,0,1,0
39,390471,0,1,96
39,390473,0,1,0
39,390478,0,1,0
39,390498,0,1,9
39,390527,0,1,0
39,390527,0,2,98
39,390527,0,3,98
39,390548,0,1,96
39,390554,0,1,0
39,390559,0,1,9
39,390564,0,1,0
39,390575,0,1,96
39,390579,0,1,10
39,390582,0,1,96
39,390587,0,1,0
39,390592,0,1,0
39,390593,0,1,0
39,390605,0,1,0
39,390609,0,1,0
39,390628,0,1,98
39,390628,0,2,98
39,390639,0,1,99
39,390653,0,1,0
39,390654,0,1,96
39,390667,0,1,0
39,390677,0,1,96
39,390678,0,1,96
39,390679,0,1,0
39,390680,0,1,96
39,390691,0,1,96
39,390704,0,1,0
39,390706,0,1,96
39,390707,0,1,0
39,390709,0,1,9
39,390717,0,1,0
39,390722,0,1,0
39,390732,0,1,98
39,390778,0,1,96
39,390781,0,1,98
39,390785,0,1,0
39,390786,0,1,0
39,390805,0,1,98
39,390810,0,1,0
39,390815,0,1,0
39,390816,0,1,0
39,390839,0,1,0
39,390842,0,1,0
39,390847,0,1,0
39,390850,0,1,9
39,390862,0,1,0
39,390867,0,1,96
39,390881,0,1,0
39,390894,0,1,0
39,390901,0,1,10
39,390903,0,1,0
39,390908,0,1,0
39,390909,0,1,0
39,390915,0,1,10
39,390925,0,1,0
39,390927,0,1,0
39,390929,0,1,0
39,390930,0,1,10
39,390939,0,1,0
39,390942,0,1,0
39,390953,0,1,96
40,400008,0,1,99
40,400013,0,1,99
40,400019,0,1,0
40,400020,0,1,99
40,400027,0,1,0
40,400033,0,1,99
40,400054,0,1,99
40,400055,0,1,99
40,400057,0,1,99
40,400059,0,1,0
40,400068,0,1,99
40,400071,0,1,99
40,400071,0,2,8
40,400083,0,1,0
40,400085,0,1,0
40,400085,0,2,0
40,400088,0,1,9
40,400114,0,1,99
40,400127,0,1,99
40,400132,0,1,99
40,400156,0,1,0
40,400156,0,2,98
40,400186,0,1,99
40,400190,0,1,99
40,400201,0,1,1
40,400224,0,1,99
40,400239,0,1,99
40,400242,0,1,99
40,400271,0,1,99
40,400276,0,1,99
40,400277,0,1,0
40,400288,0,1,0
40,400303,0,1,0
40,400320,0,1,99
40,400322,0,1,99
40,400325,0,1,0
40,400334,0,1,99
40,400341,0,1,99
40,400344,0,1,99
40,400347,0,1,99
40,400358,0,1,99
40,400366,0,1,99
40,400386,0,1,0
40,400386,0,2,0
40,400399,0,1,99
40,400406,0,1,99
40,400408,0,1,99
40,400409,0,1,99
40,400411,0,1,9
40,400425,0,1,99
40,400429,0,1,9
40,400444,0,1,99
40,400450,0,1,9
40,400453,0,1,0
40,400462,0,1,99
40,400464,0,1,0
40,400465,0,1,99
40,400476,0,1,99
40,400485,0,1,99
40,400500,0,1,0
40,400502,0,1,0
40,400502,0,2,0
40,400502,0,3,0
40,400504,0,1,9
40,400507,0,1,0
40,400510,0,1,99
40,400519,0,1,99
40,400525,0,1,99
40,400530,0,1,99
40,400537,0,1,99
40,400537,0,2,99
40,400538,0,1,99
40,400542,0,1,0
40,400547,0,1,9
40,400556,0,1,0
40,400558,0,1,99
40,400560,0,1,9
40,400567,0,1,0
40,400575,0,1,99
40,400580,0,1,0
40,400586,0,1,0
40,400596,0,1,98
40,400597,0,1,99
40,400624,0,1,99
41,410002,0,1,99
41,410011,0,1,98
41,410012,0,1,98
41,410015,0,1,0
41,410015,0,2,98
41,410020,0,1,99
41,410029,0,1,99
41,410032,0,1,98
41,410033,0,1,99
41,410034,0,1,99
41,410037,0,1,0
41,410040,0,1,9
41,410045,0,1,98
41,410054,0,1,98
41,410058,0,1,99
41,410070,0,1,98
41,410070,0,2,98
41,410070,0,3,98
41,410070,0,4,98
41,410073,0,1,0
41,410078,0,1,98
41,410089,0,1,9
41,410091,0,1,99
41,410095,0,1,98
41,410125,0,1,98
41,410130,0,1,0
41,410130,0,2,0
41,410141,0,1,98
41,410148,0,1,98
41,410153,0,1,9
41,410183,0,1,99
41,410199,0,1,9
41,410200,0,1,98
41,410204,0,1,0
41,410205,0,1,8
41,410205,0,1,9
41,410208,0,1,99
41,410211,0,1,0
41,410228,0,1,98
41,410229,0,1,0
41,410231,0,1,0
41,410232,0,1,0
41,410233,0,1,99
41,410233,0,2,99
41,410239,0,1,98
41,410247,0,1,99
41,410249,0,1,99
41,410252,0,1,0
41,410253,0,1,9
41,410253,0,2,98
41,410256,0,1,98
41,410258,0,1,0
41,410263,0,1,98
41,410263,0,2,98
41,410268,0,1,99
41,410272,0,1,9
41,410273,0,1,99
41,410276,0,1,99
41,410279,0,1,98
41,410281,0,1,98
41,410291,0,1,0
41,410293,0,1,98
41,410294,0,1,98
41,410294,0,2,98
42,420006,0,1,99
42,420018,0,1,0
42,420020,0,1,99
42,420022,0,1,0
42,420024,0,1,96
42,420027,0,1,0
42,420028,0,1,0
42,420038,0,1,9
42,420041,0,1,9
42,420047,0,1,99
42,420058,0,1,0
42,420060,0,1,0
42,420063,0,1,0
42,420095,0,1,99
42,420096,0,1,0
42,420097,0,1,99
42,420101,0,1,99
42,420103,0,1,0
42,420105,0,1,0
42,420110,0,1,3
42,420125,0,1,99
42,420128,0,1,0
42,420133,0,1,0
42,420145,0,1,0
42,420145,0,2,0
42,420145,0,3,0
42,420145,0,4,0
42,420156,0,1,0
42,420180,0,1,99
42,420200,0,1,0
42,420203,0,1,0
42,420211,0,1,98
42,420223,0,1,99
42,420223,0,2,0
42,420246,0,1,9
42,420273,0,1,0
42,420281,0,1,0
42,420296,0,1,99
42,420298,0,1,0
42,420305,0,1,99
42,420316,0,1,0
42,420317,0,1,9
42,420325,0,1,0
42,420332,0,1,0
42,420340,0,1,99
42,420344,0,1,0
42,420344,0,2,0
42,420347,0,1,0
42,420351,0,1,0
42,420365,0,1,99
42,420367,0,1,99
42,420367,0,2,99
42,420373,0,1,99
42,420377,0,1,99
42,420383,0,1,99
42,420384,0,1,0
42,420385,0,1,99
42,420414,0,1,99
42,420417,0,1,0
42,420417,0,2,0
42,420421,0,1,99
42,420434,0,1,99
42,420447,0,1,99
42,420456,0,1,0
42,420484,0,1,99
42,420493,0,1,99
42,420496,0,1,0
42,420498,0,1,99
42,420505,0,1,0
42,420505,0,2,0
42,420505,0,3,0
42,420505,0,4,0
42,420505,0,5,0
42,420525,0,1,99
42,420526,0,1,99
42,420534,0,1,0
42,420535,0,1,0
42,420536,0,1,99
42,420537,0,1,99
42,420547,0,1,99
42,420548,0,1,99
42,420556,0,1,0
42,420557,0,1,99
42,420559,0,1,99
42,420561,0,1,9
42,420563,0,1,99
42,420565,0,1,99
42,420570,0,1,0
42,420572,0,1,0
42,420574,0,1,99
42,420598,0,1,0
42,420605,0,1,0
42,420617,0,1,99
42,420623,0,1,99
42,420628,0,1,9
42,420633,0,1,0
42,420634,0,1,99
42,420635,0,1,0
42,420635,0,2,0
42,420635,0,3,0
42,420657,0,1,9
42,420660,0,1,0
42,420660,0,2,0
42,420661,0,1,99
42,420674,0,1,99
42,420676,0,1,0
42,420679,0,1,99
42,420694,0,1,99
42,420700,0,1,99
42,420714,0,1,99
42,420720,0,1,9
42,420731,0,1,0
42,420733,0,1,0
42,420734,0,1,99
42,420759,0,1,99
42,420763,0,1,99
42,420768,0,1,0
42,420769,0,1,99
42,420771,0,1,99
42,420773,0,1,99
42,420776,0,1,99
42,420782,0,1,96
42,420785,0,1,99
42,420797,0,1,9
42,420809,0,1,99
42,420810,0,1,0
42,420813,0,1,99
42,420814,0,1,9
42,420818,0,1,9
42,420836,0,1,99
42,420836,0,2,99
42,420841,0,1,9
42,420855,0,1,99
42,420856,0,1,99
42,420860,0,1,99
42,420866,0,1,99
42,420869,0,1,98
42,420871,0,1,98
42,420877,0,1,99
42,420878,0,1,99
42,420883,0,1,0
42,420885,0,1,0
42,420886,0,1,99
42,420887,0,1,0
42,420887,0,2,0
42,420906,0,1,0
42,420906,0,2,0
42,420906,0,3,0
42,420923,0,1,0
42,420929,0,1,99
42,420943,0,1,99
42,420944,0,1,99
42,420945,0,1,99
42,420947,0,1,0
42,420951,0,1,9
42,420956,0,1,9
42,420964,0,1,9
42,420974,0,1,0
42,420974,0,2,98
42,420974,0,3,98
42,420975,0,1,0
42,420975,0,2,98
42,420982,0,1,99
42,420983,0,1,0
42,420989,0,1,99
42,421007,0,1,9
42,421034,0,1,0
42,421039,0,1,0
42,421041,0,1,9
42,421050,0,1,0
42,421053,0,1,99
42,421070,0,1,9
42,421073,0,1,0
42,421074,0,1,0
42,421075,0,1,99
42,421076,0,1,9
42,421077,0,1,99
42,421078,0,1,0
42,421080,0,1,0
42,421081,0,1,99
42,421083,0,1,0
42,421088,0,1,99
42,421090,0,1,99
42,421104,0,1,99
44,440005,0,1,0
44,440007,0,1,3
44,440008,0,1,99
44,440011,0,1,0
44,440019,0,1,0
44,440027,0,1,0
44,440035,0,1,99
44,440037,0,1,99
44,440038,0,1,99
44,440039,0,1,0
44,440040,0,1,3
44,440042,0,1,0
44,440045,0,1,99
44,440047,0,1,9
44,440050,0,1,0
44,440053,0,1,99
44,440055,0,1,0
44,440062,0,1,0
45,450001,0,1,0
45,450003,0,1,0
45,450008,0,1,0
45,450011,0,1,0
45,450015,0,1,9
45,450019,0,1,0
45,450021,0,1,0
45,450022,0,1,0
45,450025,0,1,9
45,450026,0,1,9
45,450030,0,1,0
45,450053,0,1,9
45,450065,0,1,0
45,450066,0,1,0
45,450073,0,1,0
45,450081,0,1,0
45,450084,0,1,0
45,450088,0,1,0
45,450098,0,1,9
45,450139,0,1,0
45,450141,0,1,0
45,450143,0,1,0
45,450148,0,1,0
45,450165,0,1,0
45,450171,0,1,0
45,450173,0,1,9
45,450176,0,1,0
45,450191,0,1,0
45,450195,0,1,0
45,450204,0,1,0
45,450204,0,2,0
45,450215,0,1,9
45,450235,0,1,0
45,450236,0,1,0
45,450238,0,1,0
45,450246,0,1,9
45,450256,0,1,0
45,450263,0,1,0
45,450267,0,1,0
45,450269,0,1,9
45,450275,0,1,0
45,450283,0,1,9
45,450291,0,1,9
45,450298,0,1,0
45,450306,0,1,9
45,450318,0,1,0
45,450331,0,1,0
45,450332,0,1,0
45,450338,0,1,0
45,450363,0,1,0
45,450373,0,1,0
45,450376,0,1,0
45,450378,0,1,0
45,450385,0,1,0
45,450394,0,1,0
45,450400,0,1,0
45,450401,0,1,99
45,450407,0,1,0
45,450411,0,1,0
45,450416,0,1,0
45,450418,0,1,0
45,450421,0,1,0
45,450424,0,1,0
45,450441,0,1,0
45,450460,0,1,9
45,450469,0,1,0
45,450474,0,1,0
45,450476,0,1,0
45,450477,0,1,0
45,450481,0,1,0
45,450485,0,1,9
45,450495,0,1,0
45,450501,0,1,0
45,450506,0,1,0
45,450506,0,2,0
45,450514,0,1,0
45,450516,0,1,0
45,450532,0,1,9
45,450533,0,1,0
45,450539,0,1,0
45,450548,0,1,9
45,450556,0,1,0
45,450565,0,1,0
45,450572,0,1,0
45,450573,0,1,0
45,450589,0,1,0
45,450597,0,1,0
45,450602,0,1,0
45,450603,0,1,0
45,450604,0,1,0
45,450607,0,1,0
45,450608,0,1,0
45,450613,0,1,0
45,450617,0,1,0
45,450621,0,1,0
45,450643,0,1,0
45,450645,0,1,8
45,450645,0,2,0
45,450649,0,1,0
45,450649,0,2,0
45,450651,0,1,0
45,450653,0,1,0
45,450655,0,1,9
45,450656,0,1,0
45,450665,0,1,0
45,450667,0,1,0
45,450669,0,1,0
45,450673,0,1,0
45,450676,0,1,9
45,450685,0,1,9
45,450690,0,1,9
45,450695,0,1,0
45,450696,0,1,0
45,450697,0,1,0
45,450699,0,1,9
45,450710,0,1,0
45,450711,0,1,0
45,450715,0,1,0
45,450722,0,1,9
45,450723,0,1,9
46,460024,0,1,9
46,460025,0,1,1
46,460025,0,1,9
46,460043,0,1,0
46,460043,0,2,0
46,460082,0,1,0
46,460082,0,2,0
46,460086,0,1,0
46,460103,0,1,0
46,460112,0,1,0
46,460115,0,1,99
47,470001,0,1,99
47,470004,0,1,9
47,470017,0,1,98
47,470027,0,1,98
47,470046,0,1,9
47,470057,0,1,98
47,470070,0,1,99
47,470075,0,1,98
47,470079,0,1,4
47,470083,0,1,99
47,470088,0,1,0
47,470107,0,1,0
47,470108,0,1,0
47,470113,0,1,98
47,470129,0,1,98
47,470130,0,1,99
47,470165,0,1,98
47,470171,0,1,96
47,470180,0,1,98
47,470187,0,1,99
47,470195,0,1,98
47,470208,0,1,98
47,470208,0,2,98
47,470214,0,1,9
47,470214,0,2,9
47,470220,0,1,98
47,470225,0,1,99
47,470235,0,1,98
47,470240,0,1,99
47,470257,0,1,99
47,470277,0,1,99
47,470287,0,1,0
47,470288,0,1,0
47,470299,0,1,99
47,470307,0,1,98
47,470308,0,1,99
47,470309,0,1,99
47,470315,0,1,98
47,470327,0,1,99
47,470337,0,1,99
47,470346,0,1,98
47,470346,0,2,98
47,470370,0,1,98
47,470372,0,1,98
47,470373,0,1,98
47,470401,0,1,99
47,470407,0,1,98
47,470423,0,1,98
47,470446,0,1,99
47,470446,0,2,0
47,470451,0,1,99
47,470455,0,1,98
47,470459,0,1,99
47,470471,0,1,9
47,470501,0,1,98
47,470540,0,1,0
47,470560,0,1,0
47,470560,0,2,0
47,470563,0,1,99
47,470568,0,1,99
47,470608,0,1,99
47,470616,0,1,9
47,470628,0,1,99
47,470628,0,2,99
47,470630,0,1,0
47,470631,0,1,99
47,470637,0,1,99
47,470637,0,2,0
47,470661,0,1,98
47,470673,0,1,99
47,470698,0,1,0
47,470718,0,1,9
47,470727,0,1,4
47,470730,0,1,96
47,470732,0,1,0
47,470737,0,1,99
47,470761,0,1,99
47,470802,0,1,98
47,470803,0,1,9
47,470817,0,1,98
47,470818,0,1,0
47,470827,0,1,0
47,470832,0,1,96
47,470835,0,1,99
47,470840,0,1,4
47,470855,0,1,0
47,470864,0,1,99
47,470875,0,1,0
47,470876,0,1,0
47,470878,0,1,99
47,470886,0,1,0
47,470887,0,1,99
47,470893,0,1,98
47,470897,0,1,99
47,470910,0,1,99
47,470916,0,1,99
47,470916,0,2,0
47,470930,0,1,0
47,470931,0,1,98
48,480010,0,1,0
48,480014,0,1,0
48,480015,0,1,0
48,480016,0,1,0
48,480018,0,1,0
48,480020,0,1,0
48,480023,0,1,98
48,480032,0,1,0
48,480039,0,1,0
48,480041,0,1,0
48,480043,0,1,0
48,480044,0,1,0
48,480051,0,1,98
48,480056,0,1,98
48,480057,0,1,98
48,480063,0,1,0
48,480064,0,1,0
48,480065,0,1,0
48,480068,0,1,0
48,480069,0,1,0
48,480069,0,2,0
48,480069,0,3,0
48,480087,0,1,0
48,480091,0,1,98
48,480092,0,1,98
48,480096,0,1,98
48,480098,0,1,98
48,480113,0,1,0
48,480114,0,1,0
48,480118,0,1,0
48,480118,0,2,0
48,480128,0,1,0
48,480128,0,2,0
48,480128,0,3,0
48,480128,0,4,0
48,480130,0,1,9
48,480132,0,1,9
48,480143,0,1,98
48,480156,0,1,5
48,480171,0,1,98
48,480172,0,1,98
48,480177,0,1,98
48,480181,0,1,0
48,480183,0,1,0
48,480185,0,1,0
48,480186,0,1,0
48,480192,0,1,0
48,480193,0,1,0
48,480194,0,1,9
48,480197,0,1,0
48,480201,0,1,0
48,480203,0,1,0
48,480209,0,1,0
48,480211,0,1,0
48,480212,0,1,0
48,480217,0,1,0
48,480218,0,1,9
48,480224,0,1,0
48,480226,0,1,9
48,480229,0,1,9
48,480252,0,1,9
48,480257,0,1,9
48,480264,0,1,9
48,480269,0,1,9
48,480277,0,1,98
48,480278,0,1,98
48,480280,0,1,98
48,480280,0,2,98
48,480280,0,3,98
48,480284,0,1,9
48,480301,0,1,98
48,480305,0,1,98
48,480311,0,1,9
48,480316,0,1,0
48,480320,0,1,0
48,480323,0,1,0
48,480333,0,1,99
48,480335,0,1,0
48,480338,0,1,0
48,480340,0,1,0
48,480343,0,1,98
48,480349,0,1,98
48,480352,0,1,0
48,480355,0,1,0
48,480359,0,1,0
48,480364,0,1,0
48,480367,0,1,0
48,480378,0,1,98
48,480391,0,1,0
48,480400,0,1,0
48,480406,0,1,9
48,480425,0,1,9
48,480435,0,1,0
48,480443,0,1,98
48,480447,0,1,98
48,480464,0,1,0
48,480470,0,1,9
48,480470,0,2,0
48,480480,0,1,98
48,480485,0,1,0
48,480491,0,1,0
48,480497,0,1,0
48,480500,0,1,0
48,480525,0,1,9
48,480528,0,1,9
48,480534,0,1,9
48,480538,0,1,0
48,480543,0,1,9
48,480557,0,1,98
48,480568,0,1,98
48,480572,0,1,9
48,480593,0,1,0
48,480596,0,1,0
48,480607,0,1,0
48,480617,0,1,98
48,480617,0,2,98
48,480625,0,1,0
48,480636,0,1,98
48,480637,0,1,98
48,480651,0,1,0
48,480652,0,1,0
48,480654,0,1,0
48,480655,0,1,9
48,480662,0,1,98
48,480669,0,1,98
48,480674,0,1,0
48,480675,0,1,0
48,480678,0,1,0
48,480679,0,1,0
48,480680,0,1,0
48,480682,0,1,0
48,480683,0,1,0
48,480686,0,1,0
48,480687,0,1,0
48,480690,0,1,0
48,480722,0,1,9
48,480723,0,1,0
48,480733,0,1,0
48,480738,0,1,0
48,480740,0,1,0
48,480743,0,1,0
48,480747,0,1,0
48,480748,0,1,9
48,480771,0,1,9
48,480776,0,1,9
48,480781,0,1,9
48,480788,0,1,0
48,480798,0,1,9
48,480811,0,1,0
48,480821,0,1,0
48,480822,0,1,0
48,480825,0,1,0
48,480828,0,1,0
48,480828,0,2,0
48,480830,0,1,9
48,480839,0,1,0
48,480846,0,1,98
48,480848,0,1,98
48,480863,0,1,0
48,480868,0,1,0
48,480868,0,2,0
48,480874,0,1,9
48,480881,0,1,9
48,480881,0,2,9
48,480882,0,1,0
48,480884,0,1,0
48,480888,0,1,0
48,480895,0,1,9
48,480904,0,1,0
48,480907,0,1,0
48,480908,0,1,0
48,480921,0,1,98
48,480934,0,1,0
48,480937,0,1,0
48,480942,0,1,0
48,480948,0,1,0
48,480952,0,1,0
48,480958,0,1,1
48,480970,0,1,0
48,480971,0,1,0
48,480976,0,1,0
48,480985,0,1,9
48,481004,0,1,0
48,481008,0,1,0
48,481009,0,1,0
48,481012,0,1,0
48,481013,0,1,0
48,481016,0,1,0
48,481021,0,1,98
48,481038,0,1,0
48,481041,0,1,9
48,481043,0,1,0
48,481055,0,1,0
48,481058,0,1,0
48,481062,0,1,0
48,481070,0,1,0
48,481085,0,1,98
48,481085,0,2,98
48,481086,0,1,98
48,481086,0,2,98
48,481089,0,1,98
48,481099,0,1,0
48,481110,0,1,9
48,481112,0,1,0
48,481113,0,1,0
48,481121,0,1,9
48,481126,0,1,98
48,481132,0,1,0
48,481142,0,1,0
48,481145,0,1,5
48,481149,0,1,0
48,481156,0,1,0
48,481157,0,1,0
48,481167,0,1,0
48,481173,0,1,96
48,481196,0,1,98
48,481200,0,1,98
48,481203,0,1,9
48,481207,0,1,9
48,481211,0,1,0
48,481220,0,1,0
48,481221,0,1,0
48,481223,0,1,0
48,481223,0,2,0
48,481234,0,1,0
48,481234,0,2,0
48,481251,0,1,0
48,481253,0,1,0
48,481265,0,1,0
48,481266,0,1,9
48,481267,0,1,0
48,481274,0,1,9
48,481275,0,1,98
48,481280,0,1,98
48,481286,0,1,0
48,481313,0,1,0
48,481319,0,1,0
48,481321,0,1,98
48,481323,0,1,98
48,481336,0,1,0
48,481337,0,1,0
48,481339,0,1,0
48,481341,0,1,0
48,481346,0,1,0
48,481351,0,1,0
48,481359,0,1,9
48,481364,0,1,98
48,481365,0,1,98
48,481372,0,1,0
48,481383,0,1,98
48,481385,0,1,98
48,481385,0,2,98
48,481396,0,1,0
48,481417,0,1,0
48,481420,0,1,0
48,481420,0,2,0
48,481427,0,1,98
48,481433,0,1,0
48,481434,0,1,0
48,481437,0,1,0
48,481437,0,2,0
48,481439,0,1,0
48,481440,0,1,0
48,481442,0,1,0
48,481473,0,1,0
48,481478,0,1,0
48,481478,0,2,0
48,481478,0,3,0
48,481478,0,4,0
48,481479,0,1,0
48,481482,0,1,0
48,481483,0,1,0
48,481484,0,1,0
48,481497,0,1,0
48,481501,0,1,0
48,481503,0,1,0
48,481513,0,1,0
48,481523,0,1,0
48,481526,0,1,9
48,481535,0,1,0
48,481535,0,2,0
48,481537,0,1,9
48,481537,0,2,0
48,481543,0,1,98
48,481549,0,1,98
48,481567,0,1,9
48,481571,0,1,0
48,481585,0,1,9
48,481603,0,1,98
48,481606,0,1,98
48,481613,0,1,0
48,481614,0,1,0
48,481615,0,1,0
48,481617,0,1,0
48,481622,0,1,98
48,481623,0,1,9
48,481624,0,1,98
48,481625,0,1,98
48,481626,0,1,98
48,481629,0,1,98
48,481632,0,1,9
48,481640,0,1,9
48,481642,0,1,0
48,481648,0,1,0
48,481648,0,2,0
48,481664,0,1,0
48,481666,0,1,0
48,481668,0,1,8
48,481674,0,1,0
48,481676,0,1,0
48,481676,0,2,0
48,481677,0,1,0
48,481692,0,1,0
48,481700,0,1,0
48,481700,0,2,0
48,481704,0,1,0
48,481709,0,1,0
48,481723,0,1,98
48,481726,0,1,98
48,481732,0,1,0
48,481733,0,1,0
48,481738,0,1,0
48,481738,0,2,0
48,481738,0,3,0
48,481738,0,4,0
48,481742,0,1,9
48,481745,0,1,0
48,481767,0,1,2
48,481788,0,1,9
48,481795,0,1,0
48,481806,0,1,98
48,481814,0,1,0
48,481831,0,1,98
48,481835,0,1,98
48,481836,0,1,98
48,481838,0,1,98
48,481839,0,1,9
48,481844,0,1,0
48,481852,0,1,0
48,481855,0,1,9
48,481862,0,1,9
48,481866,0,1,0
48,481870,0,1,9
48,481872,0,1,9
48,481879,0,1,0
48,481880,0,1,0
48,481884,0,1,9
48,481887,0,1,9
48,481894,0,1,98
48,481895,0,1,98
48,481902,0,1,0
48,481910,0,1,0
48,481914,0,1,98
48,481931,0,1,9
48,481961,0,1,0
48,481966,0,1,0
48,481971,0,1,0
48,481982,0,1,98
48,481986,0,1,98
48,481997,0,1,0
48,482007,0,1,9
48,482018,0,1,0
48,482024,0,1,0
48,482038,0,1,0
48,482044,0,1,0
48,482051,0,1,0
48,482055,0,1,0
48,482058,0,1,0
48,482065,0,1,0
48,482066,0,1,0
48,482067,0,1,0
48,482076,0,1,0
48,482091,0,1,0
48,482097,0,1,9
48,482114,0,1,98
48,482131,0,1,0
48,482132,0,1,0
48,482134,0,1,9
48,482137,0,1,0
48,482152,0,1,98
48,482153,0,1,98
48,482157,0,1,98
48,482160,0,1,98
48,482163,0,1,9
48,482171,0,1,0
48,482193,0,1,0
48,482194,0,1,0
48,482200,0,1,0
48,482201,0,1,0
48,482204,0,1,0
48,482205,0,1,0
48,482217,0,1,0
48,482218,0,1,0
48,482228,0,1,98
48,482228,0,2,98
48,482228,0,3,98
48,482240,0,1,0
48,482255,0,1,0
48,482256,0,1,0
48,482257,0,1,9
48,482260,0,1,0
48,482266,0,1,98
48,482267,0,1,98
48,482278,0,1,0
48,482282,0,1,98
48,482291,0,1,0
48,482296,0,1,0
48,482305,0,1,0
48,482318,0,1,0
48,482330,0,1,9
48,482331,0,1,0
48,482338,0,1,0
48,482338,0,2,7
48,482343,0,1,0
48,482372,0,1,0
48,482381,0,1,98
48,482387,0,1,0
48,482387,0,2,98
48,482387,0,3,98
48,482396,0,1,0
48,482400,0,1,0
48,482417,0,1,98
48,482422,0,1,8
48,482426,0,1,0
48,482429,0,1,0
48,482431,0,1,0
48,482435,0,1,0
48,482435,0,2,0
48,482451,0,1,98
48,482456,0,1,98
48,482459,0,1,98
48,482463,0,1,0
48,482464,0,1,0
48,482465,0,1,0
48,482470,0,1,0
48,482471,0,1,0
48,482475,0,1,9
48,482481,0,1,98
48,482483,0,1,98
48,482489,0,1,98
48,482492,0,1,9
48,482493,0,1,0
48,482496,0,1,0
48,482513,0,1,0
48,482516,0,1,0
48,482520,0,1,0
48,482521,0,1,9
48,482524,0,1,9
48,482529,0,1,0
48,482532,0,1,0
48,482534,0,1,0
48,482534,0,2,0
48,482539,0,1,0
48,482540,0,1,0
48,482546,0,1,0
48,482548,0,1,0
48,482554,0,1,9
48,482560,0,1,0
48,482571,0,1,9
48,482575,0,1,0
48,482583,0,1,0
48,482589,0,1,0
48,482593,0,1,0
48,482596,0,1,9
48,482600,0,1,0
48,482602,0,1,0
48,482603,0,1,0
48,482605,0,1,0
48,482609,0,1,1
48,482622,0,1,0
48,482626,0,1,0
48,482634,0,1,0
48,482645,0,1,0
48,482647,0,1,0
48,482653,0,1,98
48,482655,0,1,98
48,482656,0,1,98
48,482664,0,1,0
48,482665,0,1,0
48,482673,0,1,0
48,482674,0,1,0
48,482677,0,1,0
48,482681,0,1,0
48,482682,0,1,9
48,482685,0,1,0
48,482697,0,1,0
48,482698,0,1,0
48,482703,0,1,98
48,482703,0,2,0
48,482707,0,1,0
48,482709,0,1,0
48,482710,0,1,0
48,482717,0,1,9
48,482723,0,1,0
48,482726,0,1,0
48,482727,0,1,0
48,482728,0,1,0
48,482738,0,1,9
48,482740,0,1,0
48,482763,0,1,0
48,482764,0,1,0
48,482766,0,1,0
48,482767,0,1,0
48,482772,0,1,0
48,482776,0,1,0
48,482780,0,1,8
48,482780,0,1,9
48,482781,0,1,9
48,482799,0,1,0
48,482807,0,1,0
48,482807,0,2,0
48,482809,0,1,0
48,482814,0,1,98
48,482823,0,1,0
48,482834,0,1,98
48,482835,0,1,9
48,482837,0,1,98
48,482851,0,1,98
48,482852,0,1,98
48,482853,0,1,98
48,482854,0,1,98
48,482854,0,2,98
48,482854,0,3,98
48,482871,0,1,0
48,482873,0,1,0
48,482879,0,1,0
48,482880,0,1,0
48,482881,0,1,0
48,482886,0,1,0
48,482887,0,1,0
48,482888,0,1,0
48,482888,0,2,0
48,482889,0,1,0
48,482892,0,1,0
48,482897,0,1,0
48,482901,0,1,0
48,482912,0,1,0
48,482925,0,1,0
48,482927,0,1,0
48,482934,0,1,98
48,482936,0,1,98
48,482941,0,1,9
48,482948,0,1,9
48,482950,0,1,0
48,482956,0,1,9
48,482963,0,1,0
48,482964,0,1,0
48,482969,0,1,0
48,482973,0,1,96
48,482976,0,1,9
48,482977,0,1,9
48,482978,0,1,98
48,482979,0,1,0
48,482981,0,1,0
48,482981,0,2,0
48,482997,0,1,98
48,482999,0,1,98
48,483003,0,1,98
48,483006,0,1,98
48,483007,0,1,98
48,483012,0,1,0
48,483015,0,1,0
48,483020,0,1,0
48,483031,0,1,0
48,483041,0,1,9
48,483042,0,1,0
48,483043,0,1,0
48,483056,0,1,0
48,483063,0,1,0
48,483072,0,1,0
48,483073,0,1,0
48,483074,0,1,0
48,483089,0,1,0
48,483091,0,1,0
48,483093,0,1,0
48,483099,0,1,9
48,483100,0,1,0
48,483102,0,1,0
48,483109,0,1,0
49,490006,0,1,0
49,490008,0,1,98
49,490009,0,1,98
49,490013,0,1,98
49,490016,0,1,98
49,490019,0,1,98
49,490019,0,2,98
49,490023,0,1,9
49,490032,0,1,98
49,490041,0,1,0
49,490046,0,1,98
49,490046,0,2,98
49,490046,0,3,98
49,490046,0,4,98
49,490049,0,1,98
49,490049,0,2,98
49,490049,0,3,98
49,490049,0,4,98
49,490059,0,1,0
49,490069,0,1,0
49,490069,0,2,98
49,490069,0,3,98
49,490074,0,1,98
49,490075,0,1,98
49,490086,0,1,0
49,490096,0,1,98
49,490097,0,1,98
49,490106,0,1,98
49,490106,0,2,98
49,490118,0,1,98
49,490119,0,1,98
49,490121,0,1,98
49,490144,0,1,98
49,490147,0,1,98
49,490158,0,1,9
49,490161,0,1,98
49,490165,0,1,0
49,490174,0,1,0
49,490174,0,2,0
49,490175,0,1,9
49,490176,0,1,98
49,490177,0,1,0
49,490182,0,1,9
49,490184,0,1,99
49,490186,0,1,8
49,490199,0,1,0
49,490203,0,1,98
49,490205,0,1,0
50,500002,0,1,0
50,500010,0,1,3
50,500043,0,1,0
50,500057,0,1,0
50,500059,0,1,0
51,510004,0,1,0
51,510044,0,1,4
51,510045,0,1,0
51,510049,0,1,96
51,510057,0,1,0
51,510061,0,1,9
51,510062,0,1,96
51,510065,0,1,98
51,510072,0,1,96
51,510093,0,1,98
51,510099,0,1,0
51,510110,0,1,0
51,510123,0,1,96
51,510125,0,1,0
51,510126,0,1,0
51,510156,0,1,99
51,510159,0,1,6
51,510159,0,2,0
51,510161,0,1,0
51,510182,0,1,9
51,510182,0,1,10
51,510184,0,1,0
51,510185,0,1,0
51,510201,0,1,0
51,510202,0,1,0
51,510207,0,1,0
51,510212,0,1,9
51,510220,0,1,9
51,510221,0,1,0
51,510221,0,2,0
51,510229,0,1,9
51,510241,0,1,99
51,510253,0,1,0
51,510253,0,2,0
51,510254,0,1,0
51,510255,0,1,0
51,510265,0,1,0
51,510272,0,1,0
51,510274,0,1,0
51,510287,0,1,0
51,510290,0,1,0
51,510305,0,1,0
51,510319,0,1,9
51,510322,0,1,9
51,510322,0,2,1
51,510337,0,1,0
51,510339,0,1,9
51,510370,0,1,0
51,510376,0,1,9
51,510377,0,1,0
51,510382,0,1,9
51,510385,0,1,9
51,510392,0,1,96
51,510406,0,1,99
51,510411,0,1,6
51,510415,0,1,0
51,510417,0,1,0
51,510417,0,2,0
51,510430,0,1,0
51,510438,0,1,0
51,510454,0,1,0
51,510455,0,1,9
51,510458,0,1,0
51,510458,0,2,0
51,510461,0,1,0
51,510465,0,1,0
51,510469,0,1,0
51,510475,0,1,9
51,510480,0,1,99
51,510481,0,1,0
51,510481,0,2,0
51,510481,0,3,0
51,510485,0,1,9
51,510493,0,1,0
51,510509,0,1,0
51,510522,0,1,0
51,510528,0,1,0
51,510533,0,1,0
51,510542,0,1,0
51,510547,0,1,0
51,510555,0,1,96
51,510581,0,1,0
51,510586,0,1,0
51,510591,0,1,0
51,510598,0,1,98
51,510608,0,1,0
51,510613,0,1,0
51,510614,0,1,0
51,510614,0,2,0
51,510623,0,1,98
51,510631,0,1,0
51,510656,0,1,0
51,510657,0,1,0
51,510670,0,1,96
51,510677,0,1,0
51,510688,0,1,0
53,530002,0,1,0
53,530004,0,1,98
53,530005,0,1,99
53,530009,0,1,9
53,530022,0,1,99
53,530022,0,2,99
53,530029,0,1,0
53,530032,0,1,99
53,530043,0,1,99
53,530047,0,1,99
53,530048,0,1,99
53,530054,0,1,9
53,530061,0,1,99
53,530073,0,1,98
53,530073,0,2,98
53,530073,0,3,98
53,530073,0,4,98
53,530074,0,1,99
53,530076,0,1,9
53,530077,0,1,0
53,530113,0,1,9
53,530116,0,1,98
53,530136,0,1,98
53,530142,0,1,98
53,530152,0,1,0
53,530155,0,1,0
53,530169,0,1,0
53,530172,0,1,0
53,530177,0,1,99
53,530180,0,1,99
53,530182,0,1,99
53,530214,0,1,0
53,530230,0,1,99
53,530236,0,1,9
53,530246,0,1,9
53,530252,0,1,99
53,530263,0,1,98
53,530263,0,2,98
53,530296,0,1,0
53,530302,0,1,99
53,530306,0,1,99
53,530308,0,1,99
53,530312,0,1,0
53,530318,0,1,98
53,530318,0,2,98
53,530318,0,3,98
53,530325,0,1,99
53,530327,0,1,99
53,530337,0,1,99
53,530339,0,1,99
53,530340,0,1,1
53,530347,0,1,9
53,530348,0,1,9
53,530352,0,1,0
53,530355,0,1,0
53,530355,0,2,0
53,530357,0,1,99
53,530363,0,1,0
53,530364,0,1,0
53,530381,0,1,99
53,530383,0,1,99
53,530386,0,1,98
53,530391,0,1,99
53,530395,0,1,99
53,530400,0,1,99
53,530410,0,1,98
53,530415,0,1,0
53,530417,0,1,99
54,540003,0,1,9
54,540011,0,1,0
54,540023,0,1,10
54,540027,0,1,0
54,540037,0,1,0
54,540046,0,1,0
54,540078,0,1,9
54,540097,0,1,0
54,540097,0,2,0
54,540107,0,1,5
54,540107,0,2,0
54,540143,0,1,0
54,540145,0,1,9
54,540163,0,1,0
54,540163,0,2,0
54,540173,0,1,0
54,540182,0,1,0
54,540204,0,1,0
54,540217,0,1,0
54,540217,0,2,0
54,540219,0,1,99
54,540230,0,1,9
54,540235,0,1,9
54,540237,0,1,0
54,540246,0,1,9
54,540263,0,1,0
54,540268,0,1,0
54,540279,0,1,0
54,540287,0,1,96
54,540288,0,1,9
54,540291,0,1,0
54,540305,0,1,9
55,550007,0,1,98
55,550012,0,1,9
55,550027,0,1,0
55,550038,0,1,99
55,550041,0,1,9
55,550041,0,2,0
55,550043,0,1,0
55,550043,0,2,0
55,550068,0,1,99
55,550096,0,1,99
55,550098,0,1,99
55,550100,0,1,99
55,550108,0,1,9
55,550116,0,1,99
55,550131,0,1,0
55,550131,0,2,0
55,550139,0,1,0
55,550147,0,1,99
55,550165,0,1,9
55,550196,0,1,99
55,550200,0,1,0
55,550201,0,1,0
55,550202,0,1,99
55,550206,0,1,9
55,550208,0,1,9
55,550210,0,1,99
55,550212,0,1,99
55,550218,0,1,99
55,550232,0,1,0
55,550243,0,1,99
55,550255,0,1,0
55,550268,0,1,99
55,550268,0,2,99
55,550279,0,1,99
55,550289,0,1,10
55,550290,0,1,99
55,550309,0,1,99
55,550342,0,1,0
55,550357,0,1,99
55,550363,0,1,99
55,550366,0,1,0
55,550369,0,1,99
55,550369,0,2,99
55,550380,0,1,99
55,550415,0,1,99
55,550416,0,1,0
55,550417,0,1,99
55,550430,0,1,0
55,550443,0,1,99
55,550459,0,1,0
55,550459,0,2,0
55,550465,0,1,0
55,550470,0,1,99
55,550470,0,2,99
55,550472,0,1,99
55,550509,0,1,98
56,560023,0,1,0
56,560052,0,1,0
56,560066,0,1,99
56,560074,0,1,99
